-- phpMyAdmin SQL Dump
-- version 4.8.4
-- https://www.phpmyadmin.net/
--
-- Host: 127.0.0.1:3306
-- Generation Time: Apr 11, 2019 at 11:38 PM
-- Server version: 5.7.24
-- PHP Version: 7.2.14

SET SQL_MODE = "NO_AUTO_VALUE_ON_ZERO";
SET AUTOCOMMIT = 0;
START TRANSACTION;
SET time_zone = "+00:00";


/*!40101 SET @OLD_CHARACTER_SET_CLIENT=@@CHARACTER_SET_CLIENT */;
/*!40101 SET @OLD_CHARACTER_SET_RESULTS=@@CHARACTER_SET_RESULTS */;
/*!40101 SET @OLD_COLLATION_CONNECTION=@@COLLATION_CONNECTION */;
/*!40101 SET NAMES utf8mb4 */;

--
-- Database: `locodb`
--

-- --------------------------------------------------------

--
-- Table structure for table `customer_t`
--

DROP TABLE IF EXISTS `customer_t`;
CREATE TABLE IF NOT EXISTS `customer_t` (
  `user_username` varchar(200) NOT NULL,
  `cust_gender` char(1) DEFAULT NULL,
  `cust_phone` varchar(45) DEFAULT NULL,
  `cust_country` varchar(200) DEFAULT NULL,
  `cust_prefs` varchar(200) DEFAULT NULL,
  `cust_dob` varchar(50) NOT NULL,
  `cust_profession` varchar(200) DEFAULT NULL,
  `cust_organization` varchar(200) DEFAULT NULL,
  PRIMARY KEY (`user_username`)
) ENGINE=InnoDB DEFAULT CHARSET=utf8;

--
-- Dumping data for table `customer_t`
--

INSERT INTO `customer_t` (`user_username`, `cust_gender`, `cust_phone`, `cust_country`, `cust_prefs`, `cust_dob`, `cust_profession`, `cust_organization`) VALUES
('kvnbog', 'M', '70-140296', 'United States of America', NULL, '1993-09-29', 'Student', 'LOCO'),
('rbtkay', 'M', '03060933', NULL, NULL, '', NULL, NULL),
('rolin', 'F', '70-140296', 'United States of America', NULL, '1993-09-29', 'Student', 'LOCO');

-- --------------------------------------------------------

--
-- Table structure for table `product_t`
--

DROP TABLE IF EXISTS `product_t`;
CREATE TABLE IF NOT EXISTS `product_t` (
  `product_id` int(11) NOT NULL AUTO_INCREMENT,
  `product_name` varchar(200) NOT NULL,
  `user_username` varchar(200) NOT NULL,
  `product_price` int(11) DEFAULT NULL,
  `product_loco` int(11) DEFAULT NULL,
  `product_category` varchar(200) NOT NULL,
  `product_description` varchar(1000) NOT NULL,
  `product_offered` bit(1) NOT NULL DEFAULT b'0',
  `product_image` varchar(200) DEFAULT NULL,
  PRIMARY KEY (`product_id`),
  KEY `fk_user_t_product_t` (`user_username`)
) ENGINE=InnoDB AUTO_INCREMENT=234 DEFAULT CHARSET=utf8;

--
-- Dumping data for table `product_t`
--

INSERT INTO `product_t` (`product_id`, `product_name`, `user_username`, `product_price`, `product_loco`, `product_category`, `product_description`, `product_offered`, `product_image`) VALUES
(1, 'Garbage Bags - Clear', 'Starbucks', 134, 7941, 'Clothing', 'Maecenas tristique, est et tempus semper, est quam pharetra magna, ac consequat metus sapien ut nunc. Vestibulum ante ipsum primis in faucibus orci luctus et ultrices posuere cubilia Curae; Mauris viverra diam vitae quam. Suspendisse potenti.', b'1', NULL),
(2, 'Salmon - Canned', 'Spinneys', 1121, 3602, 'Toys', 'Praesent id massa id nisl venenatis lacinia. Aenean sit amet justo. Morbi ut odio.\r\n\r\nCras mi pede, malesuada in, imperdiet et, commodo vulputate, justo. In blandit ultrices enim. Lorem ipsum dolor sit amet, consectetuer adipiscing elit.\r\n\r\nProin interdum mauris non ligula pellentesque ultrices. Phasellus id sapien in sapien iaculis congue. Vivamus metus arcu, adipiscing molestie, hendrerit at, vulputate vitae, nisl.\r\n\r\nAenean lectus. Pellentesque eget nunc. Donec quis orci eget orci vehicula condimentum.', b'1', NULL),
(3, 'Pepper - Red Chili', 'Spinneys', 368, 5557, 'Electronics', 'Proin eu mi. Nulla ac enim. In tempor, turpis nec euismod scelerisque, quam turpis adipiscing lorem, vitae mattis nibh ligula nec sem.\r\n\r\nDuis aliquam convallis nunc. Proin at turpis a pede posuere nonummy. Integer non velit.\r\n\r\nDonec diam neque, vestibulum eget, vulputate ut, ultrices vel, augue. Vestibulum ante ipsum primis in faucibus orci luctus et ultrices posuere cubilia Curae; Donec pharetra, magna vestibulum aliquet ultrices, erat tortor sollicitudin mi, sit amet lobortis sapien sapien non mi. Integer ac neque.\r\n\r\nDuis bibendum. Morbi non quam nec dui luctus rutrum. Nulla tellus.\r\n\r\nIn sagittis dui vel nisl. Duis ac nibh. Fusce lacus purus, aliquet at, feugiat non, pretium quis, lectus.', b'1', NULL),
(4, 'Icecream - Dstk Cml And Fdg', 'AUST', 754, 2919, 'Toys', 'Etiam vel augue. Vestibulum rutrum rutrum neque. Aenean auctor gravida sem.', b'1', NULL),
(5, 'Juice - Orangina', 'Booster', 231, 3146, 'Groceries', 'Mauris enim leo, rhoncus sed, vestibulum sit amet, cursus id, turpis. Integer aliquet, massa id lobortis convallis, tortor risus dapibus augue, vel accumsan tellus nisi eu orci. Mauris lacinia sapien quis libero.\r\n\r\nNullam sit amet turpis elementum ligula vehicula consequat. Morbi a ipsum. Integer a nibh.\r\n\r\nIn quis justo. Maecenas rhoncus aliquam lacus. Morbi quis tortor id nulla ultrices aliquet.\r\n\r\nMaecenas leo odio, condimentum id, luctus nec, molestie sed, justo. Pellentesque viverra pede ac diam. Cras pellentesque volutpat dui.', b'0', NULL),
(6, 'Pork - Loin, Bone - In', 'AUST', 842, 6408, 'Toys', 'Fusce consequat. Nulla nisl. Nunc nisl.\r\n\r\nDuis bibendum, felis sed interdum venenatis, turpis enim blandit mi, in porttitor pede justo eu massa. Donec dapibus. Duis at velit eu est congue elementum.', b'0', NULL),
(7, 'Brocolinni - Gaylan, Chinese', 'Spinneys', 1576, 5816, 'Food', 'Sed ante. Vivamus tortor. Duis mattis egestas metus.\r\n\r\nAenean fermentum. Donec ut mauris eget massa tempor convallis. Nulla neque libero, convallis eget, eleifend luctus, ultricies eu, nibh.\r\n\r\nQuisque id justo sit amet sapien dignissim vestibulum. Vestibulum ante ipsum primis in faucibus orci luctus et ultrices posuere cubilia Curae; Nulla dapibus dolor vel est. Donec odio justo, sollicitudin ut, suscipit a, feugiat et, eros.\r\n\r\nVestibulum ac est lacinia nisi venenatis tristique. Fusce congue, diam id ornare imperdiet, sapien urna pretium nisl, ut volutpat sapien arcu sed augue. Aliquam erat volutpat.\r\n\r\nIn congue. Etiam justo. Etiam pretium iaculis justo.\r\n\r\nIn hac habitasse platea dictumst. Etiam faucibus cursus urna. Ut tellus.\r\n\r\nNulla ut erat id mauris vulputate elementum. Nullam varius. Nulla facilisi.\r\n\r\nCras non velit nec nisi vulputate nonummy. Maecenas tincidunt lacus at velit. Vivamus vel nulla eget eros elementum pellentesque.', b'0', NULL),
(8, 'Wine - Two Oceans Cabernet', 'Starbucks', 296, 4392, 'Food', 'Quisque porta volutpat erat. Quisque erat eros, viverra eget, congue eget, semper rutrum, nulla. Nunc purus.\r\n\r\nPhasellus in felis. Donec semper sapien a libero. Nam dui.\r\n\r\nProin leo odio, porttitor id, consequat in, consequat ut, nulla. Sed accumsan felis. Ut at dolor quis odio consequat varius.\r\n\r\nInteger ac leo. Pellentesque ultrices mattis odio. Donec vitae nisi.\r\n\r\nNam ultrices, libero non mattis pulvinar, nulla pede ullamcorper augue, a suscipit nulla elit ac nulla. Sed vel enim sit amet nunc viverra dapibus. Nulla suscipit ligula in lacus.\r\n\r\nCurabitur at ipsum ac tellus semper interdum. Mauris ullamcorper purus sit amet nulla. Quisque arcu libero, rutrum ac, lobortis vel, dapibus at, diam.', b'0', NULL),
(9, 'Sauce Bbq Smokey', 'Booster', 277, 5516, 'Toys', 'Curabitur in libero ut massa volutpat convallis. Morbi odio odio, elementum eu, interdum eu, tincidunt in, leo. Maecenas pulvinar lobortis est.\r\n\r\nPhasellus sit amet erat. Nulla tempus. Vivamus in felis eu sapien cursus vestibulum.\r\n\r\nProin eu mi. Nulla ac enim. In tempor, turpis nec euismod scelerisque, quam turpis adipiscing lorem, vitae mattis nibh ligula nec sem.', b'0', NULL),
(10, 'Eel Fresh', 'Booster', 292, 4898, 'Electronics', 'Aliquam quis turpis eget elit sodales scelerisque. Mauris sit amet eros. Suspendisse accumsan tortor quis turpis.\r\n\r\nSed ante. Vivamus tortor. Duis mattis egestas metus.\r\n\r\nAenean fermentum. Donec ut mauris eget massa tempor convallis. Nulla neque libero, convallis eget, eleifend luctus, ultricies eu, nibh.\r\n\r\nQuisque id justo sit amet sapien dignissim vestibulum. Vestibulum ante ipsum primis in faucibus orci luctus et ultrices posuere cubilia Curae; Nulla dapibus dolor vel est. Donec odio justo, sollicitudin ut, suscipit a, feugiat et, eros.\r\n\r\nVestibulum ac est lacinia nisi venenatis tristique. Fusce congue, diam id ornare imperdiet, sapien urna pretium nisl, ut volutpat sapien arcu sed augue. Aliquam erat volutpat.\r\n\r\nIn congue. Etiam justo. Etiam pretium iaculis justo.\r\n\r\nIn hac habitasse platea dictumst. Etiam faucibus cursus urna. Ut tellus.\r\n\r\nNulla ut erat id mauris vulputate elementum. Nullam varius. Nulla facilisi.', b'0', NULL),
(11, 'Soup - Clam Chowder, Dry Mix', 'Booster', 1751, 8103, 'Clothing', 'Duis consequat dui nec nisi volutpat eleifend. Donec ut dolor. Morbi vel lectus in quam fringilla rhoncus.\r\n\r\nMauris enim leo, rhoncus sed, vestibulum sit amet, cursus id, turpis. Integer aliquet, massa id lobortis convallis, tortor risus dapibus augue, vel accumsan tellus nisi eu orci. Mauris lacinia sapien quis libero.\r\n\r\nNullam sit amet turpis elementum ligula vehicula consequat. Morbi a ipsum. Integer a nibh.\r\n\r\nIn quis justo. Maecenas rhoncus aliquam lacus. Morbi quis tortor id nulla ultrices aliquet.', b'0', NULL),
(12, 'Yeast Dry - Fermipan', 'AUST', 615, 7802, 'Toys', 'Duis consequat dui nec nisi volutpat eleifend. Donec ut dolor. Morbi vel lectus in quam fringilla rhoncus.\r\n\r\nMauris enim leo, rhoncus sed, vestibulum sit amet, cursus id, turpis. Integer aliquet, massa id lobortis convallis, tortor risus dapibus augue, vel accumsan tellus nisi eu orci. Mauris lacinia sapien quis libero.\r\n\r\nNullam sit amet turpis elementum ligula vehicula consequat. Morbi a ipsum. Integer a nibh.\r\n\r\nIn quis justo. Maecenas rhoncus aliquam lacus. Morbi quis tortor id nulla ultrices aliquet.\r\n\r\nMaecenas leo odio, condimentum id, luctus nec, molestie sed, justo. Pellentesque viverra pede ac diam. Cras pellentesque volutpat dui.\r\n\r\nMaecenas tristique, est et tempus semper, est quam pharetra magna, ac consequat metus sapien ut nunc. Vestibulum ante ipsum primis in faucibus orci luctus et ultrices posuere cubilia Curae; Mauris viverra diam vitae quam. Suspendisse potenti.', b'0', NULL),
(13, 'Muffin Chocolate Individual Wrap', 'Starbucks', 796, 4953, 'Food', 'Nullam porttitor lacus at turpis. Donec posuere metus vitae ipsum. Aliquam non mauris.', b'0', NULL),
(14, 'Table Cloth 62x120 Colour', 'AUST', 1542, 4702, 'Toys', 'Curabitur gravida nisi at nibh. In hac habitasse platea dictumst. Aliquam augue quam, sollicitudin vitae, consectetuer eget, rutrum at, lorem.\r\n\r\nInteger tincidunt ante vel ipsum. Praesent blandit lacinia erat. Vestibulum sed magna at nunc commodo placerat.', b'0', NULL),
(15, 'Sprouts - Corn', 'Hibou', 1102, 7420, 'Toys', 'Aenean fermentum. Donec ut mauris eget massa tempor convallis. Nulla neque libero, convallis eget, eleifend luctus, ultricies eu, nibh.\r\n\r\nQuisque id justo sit amet sapien dignissim vestibulum. Vestibulum ante ipsum primis in faucibus orci luctus et ultrices posuere cubilia Curae; Nulla dapibus dolor vel est. Donec odio justo, sollicitudin ut, suscipit a, feugiat et, eros.\r\n\r\nVestibulum ac est lacinia nisi venenatis tristique. Fusce congue, diam id ornare imperdiet, sapien urna pretium nisl, ut volutpat sapien arcu sed augue. Aliquam erat volutpat.\r\n\r\nIn congue. Etiam justo. Etiam pretium iaculis justo.\r\n\r\nIn hac habitasse platea dictumst. Etiam faucibus cursus urna. Ut tellus.\r\n\r\nNulla ut erat id mauris vulputate elementum. Nullam varius. Nulla facilisi.', b'0', NULL),
(16, 'Bagelers - Cinn / Brown', 'Spinneys', 902, 291, 'Toys', 'Nulla ut erat id mauris vulputate elementum. Nullam varius. Nulla facilisi.\r\n\r\nCras non velit nec nisi vulputate nonummy. Maecenas tincidunt lacus at velit. Vivamus vel nulla eget eros elementum pellentesque.\r\n\r\nQuisque porta volutpat erat. Quisque erat eros, viverra eget, congue eget, semper rutrum, nulla. Nunc purus.\r\n\r\nPhasellus in felis. Donec semper sapien a libero. Nam dui.', b'0', NULL),
(17, 'Swiss Chard', 'Hibou', 421, 9249, 'Groceries', 'Donec diam neque, vestibulum eget, vulputate ut, ultrices vel, augue. Vestibulum ante ipsum primis in faucibus orci luctus et ultrices posuere cubilia Curae; Donec pharetra, magna vestibulum aliquet ultrices, erat tortor sollicitudin mi, sit amet lobortis sapien sapien non mi. Integer ac neque.\r\n\r\nDuis bibendum. Morbi non quam nec dui luctus rutrum. Nulla tellus.\r\n\r\nIn sagittis dui vel nisl. Duis ac nibh. Fusce lacus purus, aliquet at, feugiat non, pretium quis, lectus.\r\n\r\nSuspendisse potenti. In eleifend quam a odio. In hac habitasse platea dictumst.\r\n\r\nMaecenas ut massa quis augue luctus tincidunt. Nulla mollis molestie lorem. Quisque ut erat.\r\n\r\nCurabitur gravida nisi at nibh. In hac habitasse platea dictumst. Aliquam augue quam, sollicitudin vitae, consectetuer eget, rutrum at, lorem.', b'0', NULL),
(18, 'Lid - 3oz Med Rec', 'AUST', 306, 1894, 'Groceries', 'In sagittis dui vel nisl. Duis ac nibh. Fusce lacus purus, aliquet at, feugiat non, pretium quis, lectus.\r\n\r\nSuspendisse potenti. In eleifend quam a odio. In hac habitasse platea dictumst.\r\n\r\nMaecenas ut massa quis augue luctus tincidunt. Nulla mollis molestie lorem. Quisque ut erat.\r\n\r\nCurabitur gravida nisi at nibh. In hac habitasse platea dictumst. Aliquam augue quam, sollicitudin vitae, consectetuer eget, rutrum at, lorem.', b'0', NULL),
(19, 'Muffin Batt - Blueberry Passion', 'Spinneys', 616, 4561, 'Clothing', 'Quisque porta volutpat erat. Quisque erat eros, viverra eget, congue eget, semper rutrum, nulla. Nunc purus.\r\n\r\nPhasellus in felis. Donec semper sapien a libero. Nam dui.\r\n\r\nProin leo odio, porttitor id, consequat in, consequat ut, nulla. Sed accumsan felis. Ut at dolor quis odio consequat varius.\r\n\r\nInteger ac leo. Pellentesque ultrices mattis odio. Donec vitae nisi.', b'0', NULL),
(20, 'Pasta - Shells, Medium, Dry', 'Booster', 865, 3787, 'Toys', 'Etiam vel augue. Vestibulum rutrum rutrum neque. Aenean auctor gravida sem.\r\n\r\nPraesent id massa id nisl venenatis lacinia. Aenean sit amet justo. Morbi ut odio.', b'0', NULL),
(21, 'Cheese - Swiss Sliced', 'Starbucks', 1917, 2470, 'Food', 'Aenean lectus. Pellentesque eget nunc. Donec quis orci eget orci vehicula condimentum.\r\n\r\nCurabitur in libero ut massa volutpat convallis. Morbi odio odio, elementum eu, interdum eu, tincidunt in, leo. Maecenas pulvinar lobortis est.', b'0', NULL),
(22, 'Juice - Orange', 'Spinneys', 1580, 4775, 'Toys', 'Curabitur in libero ut massa volutpat convallis. Morbi odio odio, elementum eu, interdum eu, tincidunt in, leo. Maecenas pulvinar lobortis est.', b'0', NULL),
(23, 'Raspberries - Fresh', 'Hibou', 719, 7245, 'Electronics', 'In sagittis dui vel nisl. Duis ac nibh. Fusce lacus purus, aliquet at, feugiat non, pretium quis, lectus.\r\n\r\nSuspendisse potenti. In eleifend quam a odio. In hac habitasse platea dictumst.', b'0', NULL),
(24, 'Cookie - Dough Variety', 'Starbucks', 568, 7813, 'Clothing', 'Integer tincidunt ante vel ipsum. Praesent blandit lacinia erat. Vestibulum sed magna at nunc commodo placerat.\r\n\r\nPraesent blandit. Nam nulla. Integer pede justo, lacinia eget, tincidunt eget, tempus vel, pede.\r\n\r\nMorbi porttitor lorem id ligula. Suspendisse ornare consequat lectus. In est risus, auctor sed, tristique in, tempus sit amet, sem.\r\n\r\nFusce consequat. Nulla nisl. Nunc nisl.\r\n\r\nDuis bibendum, felis sed interdum venenatis, turpis enim blandit mi, in porttitor pede justo eu massa. Donec dapibus. Duis at velit eu est congue elementum.\r\n\r\nIn hac habitasse platea dictumst. Morbi vestibulum, velit id pretium iaculis, diam erat fermentum justo, nec condimentum neque sapien placerat ante. Nulla justo.\r\n\r\nAliquam quis turpis eget elit sodales scelerisque. Mauris sit amet eros. Suspendisse accumsan tortor quis turpis.\r\n\r\nSed ante. Vivamus tortor. Duis mattis egestas metus.', b'0', NULL),
(25, 'Wine - Magnotta, Merlot Sr Vqa', 'Booster', 282, 7119, 'Toys', 'Suspendisse potenti. In eleifend quam a odio. In hac habitasse platea dictumst.\r\n\r\nMaecenas ut massa quis augue luctus tincidunt. Nulla mollis molestie lorem. Quisque ut erat.\r\n\r\nCurabitur gravida nisi at nibh. In hac habitasse platea dictumst. Aliquam augue quam, sollicitudin vitae, consectetuer eget, rutrum at, lorem.\r\n\r\nInteger tincidunt ante vel ipsum. Praesent blandit lacinia erat. Vestibulum sed magna at nunc commodo placerat.\r\n\r\nPraesent blandit. Nam nulla. Integer pede justo, lacinia eget, tincidunt eget, tempus vel, pede.', b'0', NULL),
(26, 'Pork - Bacon, Sliced', 'Starbucks', 833, 5894, 'Groceries', 'Vestibulum quam sapien, varius ut, blandit non, interdum in, ante. Vestibulum ante ipsum primis in faucibus orci luctus et ultrices posuere cubilia Curae; Duis faucibus accumsan odio. Curabitur convallis.\r\n\r\nDuis consequat dui nec nisi volutpat eleifend. Donec ut dolor. Morbi vel lectus in quam fringilla rhoncus.', b'0', NULL),
(27, 'Soup Campbells Turkey Veg.', 'AUST', 1581, 5883, 'Groceries', 'In hac habitasse platea dictumst. Morbi vestibulum, velit id pretium iaculis, diam erat fermentum justo, nec condimentum neque sapien placerat ante. Nulla justo.\r\n\r\nAliquam quis turpis eget elit sodales scelerisque. Mauris sit amet eros. Suspendisse accumsan tortor quis turpis.', b'0', NULL),
(28, 'Island Oasis - Peach Daiquiri', 'Hibou', 1785, 1246, 'Toys', 'Duis bibendum. Morbi non quam nec dui luctus rutrum. Nulla tellus.\r\n\r\nIn sagittis dui vel nisl. Duis ac nibh. Fusce lacus purus, aliquet at, feugiat non, pretium quis, lectus.\r\n\r\nSuspendisse potenti. In eleifend quam a odio. In hac habitasse platea dictumst.\r\n\r\nMaecenas ut massa quis augue luctus tincidunt. Nulla mollis molestie lorem. Quisque ut erat.\r\n\r\nCurabitur gravida nisi at nibh. In hac habitasse platea dictumst. Aliquam augue quam, sollicitudin vitae, consectetuer eget, rutrum at, lorem.\r\n\r\nInteger tincidunt ante vel ipsum. Praesent blandit lacinia erat. Vestibulum sed magna at nunc commodo placerat.\r\n\r\nPraesent blandit. Nam nulla. Integer pede justo, lacinia eget, tincidunt eget, tempus vel, pede.', b'1', NULL),
(29, 'Wine - White, Concha Y Toro', 'Hibou', 1302, 5593, 'Food', 'Lorem ipsum dolor sit amet, consectetuer adipiscing elit. Proin risus. Praesent lectus.\r\n\r\nVestibulum quam sapien, varius ut, blandit non, interdum in, ante. Vestibulum ante ipsum primis in faucibus orci luctus et ultrices posuere cubilia Curae; Duis faucibus accumsan odio. Curabitur convallis.', b'0', NULL),
(30, 'Oil - Safflower', 'AUST', 673, 3706, 'Electronics', 'Fusce posuere felis sed lacus. Morbi sem mauris, laoreet ut, rhoncus aliquet, pulvinar sed, nisl. Nunc rhoncus dui vel sem.\r\n\r\nSed sagittis. Nam congue, risus semper porta volutpat, quam pede lobortis ligula, sit amet eleifend pede libero quis orci. Nullam molestie nibh in lectus.\r\n\r\nPellentesque at nulla. Suspendisse potenti. Cras in purus eu magna vulputate luctus.', b'0', NULL),
(31, 'Flour - Semolina', 'AUST', 1374, 4293, 'Food', 'Etiam vel augue. Vestibulum rutrum rutrum neque. Aenean auctor gravida sem.\r\n\r\nPraesent id massa id nisl venenatis lacinia. Aenean sit amet justo. Morbi ut odio.\r\n\r\nCras mi pede, malesuada in, imperdiet et, commodo vulputate, justo. In blandit ultrices enim. Lorem ipsum dolor sit amet, consectetuer adipiscing elit.', b'0', NULL),
(32, 'Creme De Menthe Green', 'Booster', 303, 1411, 'Groceries', 'Nulla ut erat id mauris vulputate elementum. Nullam varius. Nulla facilisi.\r\n\r\nCras non velit nec nisi vulputate nonummy. Maecenas tincidunt lacus at velit. Vivamus vel nulla eget eros elementum pellentesque.\r\n\r\nQuisque porta volutpat erat. Quisque erat eros, viverra eget, congue eget, semper rutrum, nulla. Nunc purus.\r\n\r\nPhasellus in felis. Donec semper sapien a libero. Nam dui.\r\n\r\nProin leo odio, porttitor id, consequat in, consequat ut, nulla. Sed accumsan felis. Ut at dolor quis odio consequat varius.\r\n\r\nInteger ac leo. Pellentesque ultrices mattis odio. Donec vitae nisi.\r\n\r\nNam ultrices, libero non mattis pulvinar, nulla pede ullamcorper augue, a suscipit nulla elit ac nulla. Sed vel enim sit amet nunc viverra dapibus. Nulla suscipit ligula in lacus.', b'0', NULL),
(33, 'Chicken - Whole Roasting', 'Starbucks', 1692, 409, 'Electronics', 'Praesent id massa id nisl venenatis lacinia. Aenean sit amet justo. Morbi ut odio.\r\n\r\nCras mi pede, malesuada in, imperdiet et, commodo vulputate, justo. In blandit ultrices enim. Lorem ipsum dolor sit amet, consectetuer adipiscing elit.\r\n\r\nProin interdum mauris non ligula pellentesque ultrices. Phasellus id sapien in sapien iaculis congue. Vivamus metus arcu, adipiscing molestie, hendrerit at, vulputate vitae, nisl.', b'0', NULL),
(34, 'Bread - Calabrese Baguette', 'Spinneys', 293, 6044, 'Electronics', 'Integer ac leo. Pellentesque ultrices mattis odio. Donec vitae nisi.\r\n\r\nNam ultrices, libero non mattis pulvinar, nulla pede ullamcorper augue, a suscipit nulla elit ac nulla. Sed vel enim sit amet nunc viverra dapibus. Nulla suscipit ligula in lacus.\r\n\r\nCurabitur at ipsum ac tellus semper interdum. Mauris ullamcorper purus sit amet nulla. Quisque arcu libero, rutrum ac, lobortis vel, dapibus at, diam.', b'0', NULL),
(35, 'Sesame Seed Black', 'Hibou', 827, 8422, 'Food', 'Duis consequat dui nec nisi volutpat eleifend. Donec ut dolor. Morbi vel lectus in quam fringilla rhoncus.\r\n\r\nMauris enim leo, rhoncus sed, vestibulum sit amet, cursus id, turpis. Integer aliquet, massa id lobortis convallis, tortor risus dapibus augue, vel accumsan tellus nisi eu orci. Mauris lacinia sapien quis libero.\r\n\r\nNullam sit amet turpis elementum ligula vehicula consequat. Morbi a ipsum. Integer a nibh.', b'0', NULL),
(36, 'Appetizer - Tarragon Chicken', 'Hibou', 1284, 2738, 'Electronics', 'Fusce consequat. Nulla nisl. Nunc nisl.', b'0', NULL),
(37, 'Savory', 'Hibou', 393, 505, 'Food', 'Vestibulum ac est lacinia nisi venenatis tristique. Fusce congue, diam id ornare imperdiet, sapien urna pretium nisl, ut volutpat sapien arcu sed augue. Aliquam erat volutpat.', b'0', NULL),
(38, 'Tea - Jasmin Green', 'Booster', 1700, 4462, 'Clothing', 'Nullam sit amet turpis elementum ligula vehicula consequat. Morbi a ipsum. Integer a nibh.\r\n\r\nIn quis justo. Maecenas rhoncus aliquam lacus. Morbi quis tortor id nulla ultrices aliquet.', b'0', NULL),
(39, 'Tea - Decaf 1 Cup', 'AUST', 597, 3699, 'Groceries', 'In hac habitasse platea dictumst. Morbi vestibulum, velit id pretium iaculis, diam erat fermentum justo, nec condimentum neque sapien placerat ante. Nulla justo.\r\n\r\nAliquam quis turpis eget elit sodales scelerisque. Mauris sit amet eros. Suspendisse accumsan tortor quis turpis.\r\n\r\nSed ante. Vivamus tortor. Duis mattis egestas metus.', b'0', NULL),
(40, 'Wine - Muscadet Sur Lie', 'Spinneys', 821, 22, 'Clothing', 'Cras mi pede, malesuada in, imperdiet et, commodo vulputate, justo. In blandit ultrices enim. Lorem ipsum dolor sit amet, consectetuer adipiscing elit.\r\n\r\nProin interdum mauris non ligula pellentesque ultrices. Phasellus id sapien in sapien iaculis congue. Vivamus metus arcu, adipiscing molestie, hendrerit at, vulputate vitae, nisl.', b'0', NULL),
(41, 'Sesame Seed Black', 'Hibou', 416, 4655, 'Electronics', 'Praesent blandit. Nam nulla. Integer pede justo, lacinia eget, tincidunt eget, tempus vel, pede.', b'1', NULL),
(42, 'Wine - Soave Folonari', 'Spinneys', 900, 7814, 'Food', 'Cum sociis natoque penatibus et magnis dis parturient montes, nascetur ridiculus mus. Vivamus vestibulum sagittis sapien. Cum sociis natoque penatibus et magnis dis parturient montes, nascetur ridiculus mus.\r\n\r\nEtiam vel augue. Vestibulum rutrum rutrum neque. Aenean auctor gravida sem.', b'0', NULL),
(43, 'Tarragon - Fresh', 'Starbucks', 949, 585, 'Clothing', 'Vestibulum ac est lacinia nisi venenatis tristique. Fusce congue, diam id ornare imperdiet, sapien urna pretium nisl, ut volutpat sapien arcu sed augue. Aliquam erat volutpat.\r\n\r\nIn congue. Etiam justo. Etiam pretium iaculis justo.\r\n\r\nIn hac habitasse platea dictumst. Etiam faucibus cursus urna. Ut tellus.', b'0', NULL),
(44, 'Cotton Wet Mop 16 Oz', 'Booster', 1172, 9042, 'Clothing', 'Aenean lectus. Pellentesque eget nunc. Donec quis orci eget orci vehicula condimentum.\r\n\r\nCurabitur in libero ut massa volutpat convallis. Morbi odio odio, elementum eu, interdum eu, tincidunt in, leo. Maecenas pulvinar lobortis est.\r\n\r\nPhasellus sit amet erat. Nulla tempus. Vivamus in felis eu sapien cursus vestibulum.', b'0', NULL),
(45, 'Foil - Round Foil', 'Booster', 1278, 8852, 'Groceries', 'Morbi non lectus. Aliquam sit amet diam in magna bibendum imperdiet. Nullam orci pede, venenatis non, sodales sed, tincidunt eu, felis.', b'0', NULL),
(46, 'Truffle Cups Green', 'Starbucks', 931, 2347, 'Toys', 'Sed ante. Vivamus tortor. Duis mattis egestas metus.\r\n\r\nAenean fermentum. Donec ut mauris eget massa tempor convallis. Nulla neque libero, convallis eget, eleifend luctus, ultricies eu, nibh.\r\n\r\nQuisque id justo sit amet sapien dignissim vestibulum. Vestibulum ante ipsum primis in faucibus orci luctus et ultrices posuere cubilia Curae; Nulla dapibus dolor vel est. Donec odio justo, sollicitudin ut, suscipit a, feugiat et, eros.', b'0', NULL),
(47, 'Basil - Fresh', 'AUST', 1918, 2453, 'Food', 'Curabitur at ipsum ac tellus semper interdum. Mauris ullamcorper purus sit amet nulla. Quisque arcu libero, rutrum ac, lobortis vel, dapibus at, diam.', b'0', NULL),
(48, 'Cactus Pads', 'Starbucks', 1862, 2636, 'Clothing', 'Maecenas tristique, est et tempus semper, est quam pharetra magna, ac consequat metus sapien ut nunc. Vestibulum ante ipsum primis in faucibus orci luctus et ultrices posuere cubilia Curae; Mauris viverra diam vitae quam. Suspendisse potenti.', b'0', NULL),
(49, 'Wine - Casillero Deldiablo', 'Spinneys', 460, 9134, 'Clothing', 'Duis consequat dui nec nisi volutpat eleifend. Donec ut dolor. Morbi vel lectus in quam fringilla rhoncus.\r\n\r\nMauris enim leo, rhoncus sed, vestibulum sit amet, cursus id, turpis. Integer aliquet, massa id lobortis convallis, tortor risus dapibus augue, vel accumsan tellus nisi eu orci. Mauris lacinia sapien quis libero.', b'0', NULL),
(50, 'Cheese - Grana Padano', 'Hibou', 885, 8695, 'Clothing', 'Phasellus in felis. Donec semper sapien a libero. Nam dui.', b'0', NULL),
(51, 'Sprite, Diet - 355ml', 'Starbucks', 8, 3968, 'Electronics', 'Maecenas tristique, est et tempus semper, est quam pharetra magna, ac consequat metus sapien ut nunc. Vestibulum ante ipsum primis in faucibus orci luctus et ultrices posuere cubilia Curae; Mauris viverra diam vitae quam. Suspendisse potenti.\r\n\r\nNullam porttitor lacus at turpis. Donec posuere metus vitae ipsum. Aliquam non mauris.', b'0', NULL),
(52, 'Cheese - Ricotta', 'Spinneys', 823, 1696, 'Toys', 'Suspendisse potenti. In eleifend quam a odio. In hac habitasse platea dictumst.\r\n\r\nMaecenas ut massa quis augue luctus tincidunt. Nulla mollis molestie lorem. Quisque ut erat.', b'0', NULL),
(53, 'Pate - Liver', 'Starbucks', 1195, 8816, 'Groceries', 'Nullam sit amet turpis elementum ligula vehicula consequat. Morbi a ipsum. Integer a nibh.', b'0', NULL),
(54, 'Table Cloth 62x114 White', 'Booster', 1701, 6238, 'Electronics', 'Praesent blandit. Nam nulla. Integer pede justo, lacinia eget, tincidunt eget, tempus vel, pede.', b'0', NULL),
(55, 'Rice - Long Grain', 'Spinneys', 1935, 6773, 'Groceries', 'Fusce consequat. Nulla nisl. Nunc nisl.\r\n\r\nDuis bibendum, felis sed interdum venenatis, turpis enim blandit mi, in porttitor pede justo eu massa. Donec dapibus. Duis at velit eu est congue elementum.', b'0', NULL),
(56, 'Skewers - Bamboo', 'Hibou', 1729, 6175, 'Groceries', 'Duis consequat dui nec nisi volutpat eleifend. Donec ut dolor. Morbi vel lectus in quam fringilla rhoncus.\r\n\r\nMauris enim leo, rhoncus sed, vestibulum sit amet, cursus id, turpis. Integer aliquet, massa id lobortis convallis, tortor risus dapibus augue, vel accumsan tellus nisi eu orci. Mauris lacinia sapien quis libero.', b'1', NULL),
(57, 'Dc - Frozen Momji', 'AUST', 62, 5836, 'Food', 'Cras non velit nec nisi vulputate nonummy. Maecenas tincidunt lacus at velit. Vivamus vel nulla eget eros elementum pellentesque.\r\n\r\nQuisque porta volutpat erat. Quisque erat eros, viverra eget, congue eget, semper rutrum, nulla. Nunc purus.', b'0', NULL),
(58, 'Flour - Cake', 'Hibou', 1548, 1687, 'Groceries', 'Nullam porttitor lacus at turpis. Donec posuere metus vitae ipsum. Aliquam non mauris.\r\n\r\nMorbi non lectus. Aliquam sit amet diam in magna bibendum imperdiet. Nullam orci pede, venenatis non, sodales sed, tincidunt eu, felis.', b'0', NULL),
(59, 'Dc - Frozen Momji', 'Spinneys', 864, 813, 'Toys', 'Proin interdum mauris non ligula pellentesque ultrices. Phasellus id sapien in sapien iaculis congue. Vivamus metus arcu, adipiscing molestie, hendrerit at, vulputate vitae, nisl.', b'0', NULL),
(60, 'Nestea - Ice Tea, Diet', 'AUST', 213, 3728, 'Toys', 'Cras mi pede, malesuada in, imperdiet et, commodo vulputate, justo. In blandit ultrices enim. Lorem ipsum dolor sit amet, consectetuer adipiscing elit.\r\n\r\nProin interdum mauris non ligula pellentesque ultrices. Phasellus id sapien in sapien iaculis congue. Vivamus metus arcu, adipiscing molestie, hendrerit at, vulputate vitae, nisl.', b'0', NULL),
(61, 'Beer - Moosehead', 'Spinneys', 69, 3237, 'Groceries', 'Quisque id justo sit amet sapien dignissim vestibulum. Vestibulum ante ipsum primis in faucibus orci luctus et ultrices posuere cubilia Curae; Nulla dapibus dolor vel est. Donec odio justo, sollicitudin ut, suscipit a, feugiat et, eros.\r\n\r\nVestibulum ac est lacinia nisi venenatis tristique. Fusce congue, diam id ornare imperdiet, sapien urna pretium nisl, ut volutpat sapien arcu sed augue. Aliquam erat volutpat.', b'0', NULL),
(62, 'Goat - Whole Cut', 'AUST', 498, 1018, 'Electronics', 'Aenean fermentum. Donec ut mauris eget massa tempor convallis. Nulla neque libero, convallis eget, eleifend luctus, ultricies eu, nibh.', b'0', NULL),
(63, 'Tilapia - Fillets', 'AUST', 1377, 5432, 'Clothing', 'Duis bibendum. Morbi non quam nec dui luctus rutrum. Nulla tellus.\r\n\r\nIn sagittis dui vel nisl. Duis ac nibh. Fusce lacus purus, aliquet at, feugiat non, pretium quis, lectus.', b'0', NULL),
(64, 'Cookie - Oatmeal', 'Booster', 974, 8906, 'Food', 'Proin interdum mauris non ligula pellentesque ultrices. Phasellus id sapien in sapien iaculis congue. Vivamus metus arcu, adipiscing molestie, hendrerit at, vulputate vitae, nisl.', b'0', NULL),
(65, 'Watercress', 'Starbucks', 244, 6379, 'Food', 'Curabitur in libero ut massa volutpat convallis. Morbi odio odio, elementum eu, interdum eu, tincidunt in, leo. Maecenas pulvinar lobortis est.\r\n\r\nPhasellus sit amet erat. Nulla tempus. Vivamus in felis eu sapien cursus vestibulum.', b'0', NULL),
(66, 'Silicone Parch. 16.3x24.3', 'Hibou', 1147, 4075, 'Electronics', 'In quis justo. Maecenas rhoncus aliquam lacus. Morbi quis tortor id nulla ultrices aliquet.', b'0', NULL),
(67, 'Turkey - Breast, Boneless Sk On', 'Booster', 331, 5500, 'Groceries', 'Duis aliquam convallis nunc. Proin at turpis a pede posuere nonummy. Integer non velit.\r\n\r\nDonec diam neque, vestibulum eget, vulputate ut, ultrices vel, augue. Vestibulum ante ipsum primis in faucibus orci luctus et ultrices posuere cubilia Curae; Donec pharetra, magna vestibulum aliquet ultrices, erat tortor sollicitudin mi, sit amet lobortis sapien sapien non mi. Integer ac neque.', b'0', NULL),
(68, 'Silicone Paper 16.5x24', 'Hibou', 536, 4204, 'Groceries', 'Duis consequat dui nec nisi volutpat eleifend. Donec ut dolor. Morbi vel lectus in quam fringilla rhoncus.', b'1', NULL),
(69, 'Soupfoamcont12oz 112con', 'AUST', 740, 1527, 'Groceries', 'Duis consequat dui nec nisi volutpat eleifend. Donec ut dolor. Morbi vel lectus in quam fringilla rhoncus.', b'0', NULL),
(70, 'Nantucket - 518ml', 'Spinneys', 722, 706, 'Food', 'Etiam vel augue. Vestibulum rutrum rutrum neque. Aenean auctor gravida sem.\r\n\r\nPraesent id massa id nisl venenatis lacinia. Aenean sit amet justo. Morbi ut odio.\r\n\r\nCras mi pede, malesuada in, imperdiet et, commodo vulputate, justo. In blandit ultrices enim. Lorem ipsum dolor sit amet, consectetuer adipiscing elit.', b'0', NULL),
(71, 'Tea - English Breakfast', 'Hibou', 1650, 5852, 'Groceries', 'Duis bibendum. Morbi non quam nec dui luctus rutrum. Nulla tellus.', b'0', NULL),
(72, 'Macaroons - Two Bite Choc', 'Spinneys', 750, 4421, 'Electronics', 'Vestibulum ac est lacinia nisi venenatis tristique. Fusce congue, diam id ornare imperdiet, sapien urna pretium nisl, ut volutpat sapien arcu sed augue. Aliquam erat volutpat.\r\n\r\nIn congue. Etiam justo. Etiam pretium iaculis justo.\r\n\r\nIn hac habitasse platea dictumst. Etiam faucibus cursus urna. Ut tellus.', b'0', NULL),
(73, 'Milkettes - 2%', 'AUST', 1524, 2472, 'Food', 'Mauris enim leo, rhoncus sed, vestibulum sit amet, cursus id, turpis. Integer aliquet, massa id lobortis convallis, tortor risus dapibus augue, vel accumsan tellus nisi eu orci. Mauris lacinia sapien quis libero.\r\n\r\nNullam sit amet turpis elementum ligula vehicula consequat. Morbi a ipsum. Integer a nibh.', b'0', NULL),
(74, 'Plasticspoonblack', 'AUST', 1675, 1651, 'Food', 'In hac habitasse platea dictumst. Etiam faucibus cursus urna. Ut tellus.', b'0', NULL),
(75, 'Appetizer - Asian Shrimp Roll', 'Spinneys', 1959, 7092, 'Food', 'Suspendisse potenti. In eleifend quam a odio. In hac habitasse platea dictumst.\r\n\r\nMaecenas ut massa quis augue luctus tincidunt. Nulla mollis molestie lorem. Quisque ut erat.', b'0', NULL),
(76, 'Tea - Mint', 'Booster', 1787, 6570, 'Groceries', 'Quisque porta volutpat erat. Quisque erat eros, viverra eget, congue eget, semper rutrum, nulla. Nunc purus.\r\n\r\nPhasellus in felis. Donec semper sapien a libero. Nam dui.\r\n\r\nProin leo odio, porttitor id, consequat in, consequat ut, nulla. Sed accumsan felis. Ut at dolor quis odio consequat varius.', b'0', NULL),
(77, 'Flavouring - Raspberry', 'AUST', 1081, 2239, 'Groceries', 'In hac habitasse platea dictumst. Etiam faucibus cursus urna. Ut tellus.\r\n\r\nNulla ut erat id mauris vulputate elementum. Nullam varius. Nulla facilisi.', b'0', NULL),
(78, 'Cheese - St. Andre', 'AUST', 1788, 7936, 'Clothing', 'Nam ultrices, libero non mattis pulvinar, nulla pede ullamcorper augue, a suscipit nulla elit ac nulla. Sed vel enim sit amet nunc viverra dapibus. Nulla suscipit ligula in lacus.\r\n\r\nCurabitur at ipsum ac tellus semper interdum. Mauris ullamcorper purus sit amet nulla. Quisque arcu libero, rutrum ac, lobortis vel, dapibus at, diam.', b'0', NULL),
(79, 'Otomegusa Dashi Konbu', 'Booster', 1746, 4805, 'Electronics', 'Mauris enim leo, rhoncus sed, vestibulum sit amet, cursus id, turpis. Integer aliquet, massa id lobortis convallis, tortor risus dapibus augue, vel accumsan tellus nisi eu orci. Mauris lacinia sapien quis libero.\r\n\r\nNullam sit amet turpis elementum ligula vehicula consequat. Morbi a ipsum. Integer a nibh.\r\n\r\nIn quis justo. Maecenas rhoncus aliquam lacus. Morbi quis tortor id nulla ultrices aliquet.', b'0', NULL),
(80, 'Coffee - Irish Cream', 'AUST', 297, 582, 'Electronics', 'Maecenas leo odio, condimentum id, luctus nec, molestie sed, justo. Pellentesque viverra pede ac diam. Cras pellentesque volutpat dui.\r\n\r\nMaecenas tristique, est et tempus semper, est quam pharetra magna, ac consequat metus sapien ut nunc. Vestibulum ante ipsum primis in faucibus orci luctus et ultrices posuere cubilia Curae; Mauris viverra diam vitae quam. Suspendisse potenti.', b'0', NULL),
(81, 'Sauce - Apple, Unsweetened', 'Hibou', 1395, 6722, 'Clothing', 'In hac habitasse platea dictumst. Etiam faucibus cursus urna. Ut tellus.', b'1', NULL),
(82, 'Chocolate - Milk, Callets', 'Booster', 1981, 1321, 'Groceries', 'Duis aliquam convallis nunc. Proin at turpis a pede posuere nonummy. Integer non velit.', b'0', NULL),
(83, 'Dried Cherries', 'Hibou', 1794, 7417, 'Clothing', 'Quisque porta volutpat erat. Quisque erat eros, viverra eget, congue eget, semper rutrum, nulla. Nunc purus.', b'0', NULL),
(84, 'Arrowroot', 'Booster', 1059, 2668, 'Food', 'Nulla ut erat id mauris vulputate elementum. Nullam varius. Nulla facilisi.', b'0', NULL),
(85, 'Glycerine', 'Booster', 916, 1905, 'Food', 'Duis bibendum. Morbi non quam nec dui luctus rutrum. Nulla tellus.\r\n\r\nIn sagittis dui vel nisl. Duis ac nibh. Fusce lacus purus, aliquet at, feugiat non, pretium quis, lectus.', b'0', NULL),
(86, 'Beans - French', 'Starbucks', 1725, 9090, 'Food', 'Cras non velit nec nisi vulputate nonummy. Maecenas tincidunt lacus at velit. Vivamus vel nulla eget eros elementum pellentesque.', b'0', NULL),
(87, 'Lamb - Racks, Frenched', 'AUST', 1941, 8972, 'Electronics', 'Duis bibendum. Morbi non quam nec dui luctus rutrum. Nulla tellus.', b'0', NULL),
(88, 'Lettuce - California Mix', 'Hibou', 422, 3131, 'Clothing', 'Morbi non lectus. Aliquam sit amet diam in magna bibendum imperdiet. Nullam orci pede, venenatis non, sodales sed, tincidunt eu, felis.\r\n\r\nFusce posuere felis sed lacus. Morbi sem mauris, laoreet ut, rhoncus aliquet, pulvinar sed, nisl. Nunc rhoncus dui vel sem.', b'0', NULL),
(89, 'Yogurt - Strawberry, 175 Gr', 'Booster', 1671, 7859, 'Clothing', 'Mauris enim leo, rhoncus sed, vestibulum sit amet, cursus id, turpis. Integer aliquet, massa id lobortis convallis, tortor risus dapibus augue, vel accumsan tellus nisi eu orci. Mauris lacinia sapien quis libero.', b'0', NULL),
(90, 'Ham Black Forest', 'Starbucks', 1739, 5649, 'Groceries', 'Etiam vel augue. Vestibulum rutrum rutrum neque. Aenean auctor gravida sem.\r\n\r\nPraesent id massa id nisl venenatis lacinia. Aenean sit amet justo. Morbi ut odio.', b'0', NULL),
(91, 'Potatoes - Mini Red', 'Hibou', 1702, 3243, 'Clothing', 'Aenean fermentum. Donec ut mauris eget massa tempor convallis. Nulla neque libero, convallis eget, eleifend luctus, ultricies eu, nibh.\r\n\r\nQuisque id justo sit amet sapien dignissim vestibulum. Vestibulum ante ipsum primis in faucibus orci luctus et ultrices posuere cubilia Curae; Nulla dapibus dolor vel est. Donec odio justo, sollicitudin ut, suscipit a, feugiat et, eros.', b'0', NULL),
(92, 'Cumin - Ground', 'AUST', 1121, 2183, 'Clothing', 'Sed sagittis. Nam congue, risus semper porta volutpat, quam pede lobortis ligula, sit amet eleifend pede libero quis orci. Nullam molestie nibh in lectus.', b'0', NULL),
(93, 'Beef - Tongue, Cooked', 'Hibou', 1181, 8117, 'Groceries', 'Suspendisse potenti. In eleifend quam a odio. In hac habitasse platea dictumst.', b'0', NULL),
(94, 'Clementine', 'Spinneys', 730, 5055, 'Food', 'Aenean fermentum. Donec ut mauris eget massa tempor convallis. Nulla neque libero, convallis eget, eleifend luctus, ultricies eu, nibh.\r\n\r\nQuisque id justo sit amet sapien dignissim vestibulum. Vestibulum ante ipsum primis in faucibus orci luctus et ultrices posuere cubilia Curae; Nulla dapibus dolor vel est. Donec odio justo, sollicitudin ut, suscipit a, feugiat et, eros.\r\n\r\nVestibulum ac est lacinia nisi venenatis tristique. Fusce congue, diam id ornare imperdiet, sapien urna pretium nisl, ut volutpat sapien arcu sed augue. Aliquam erat volutpat.', b'0', NULL),
(95, 'Doilies - 12, Paper', 'Starbucks', 653, 4, 'Electronics', 'Maecenas leo odio, condimentum id, luctus nec, molestie sed, justo. Pellentesque viverra pede ac diam. Cras pellentesque volutpat dui.\r\n\r\nMaecenas tristique, est et tempus semper, est quam pharetra magna, ac consequat metus sapien ut nunc. Vestibulum ante ipsum primis in faucibus orci luctus et ultrices posuere cubilia Curae; Mauris viverra diam vitae quam. Suspendisse potenti.', b'0', NULL),
(96, 'Chips Potato Salt Vinegar 43g', 'AUST', 882, 934, 'Food', 'Duis bibendum, felis sed interdum venenatis, turpis enim blandit mi, in porttitor pede justo eu massa. Donec dapibus. Duis at velit eu est congue elementum.\r\n\r\nIn hac habitasse platea dictumst. Morbi vestibulum, velit id pretium iaculis, diam erat fermentum justo, nec condimentum neque sapien placerat ante. Nulla justo.', b'0', NULL),
(97, 'Wine - Bourgogne 2002, La', 'Spinneys', 1231, 5620, 'Electronics', 'Etiam vel augue. Vestibulum rutrum rutrum neque. Aenean auctor gravida sem.\r\n\r\nPraesent id massa id nisl venenatis lacinia. Aenean sit amet justo. Morbi ut odio.\r\n\r\nCras mi pede, malesuada in, imperdiet et, commodo vulputate, justo. In blandit ultrices enim. Lorem ipsum dolor sit amet, consectetuer adipiscing elit.', b'0', NULL),
(98, 'Limes', 'Starbucks', 713, 9274, 'Toys', 'Quisque id justo sit amet sapien dignissim vestibulum. Vestibulum ante ipsum primis in faucibus orci luctus et ultrices posuere cubilia Curae; Nulla dapibus dolor vel est. Donec odio justo, sollicitudin ut, suscipit a, feugiat et, eros.\r\n\r\nVestibulum ac est lacinia nisi venenatis tristique. Fusce congue, diam id ornare imperdiet, sapien urna pretium nisl, ut volutpat sapien arcu sed augue. Aliquam erat volutpat.', b'0', NULL),
(99, 'Wine - Montecillo Rioja Crianza', 'Starbucks', 1355, 8254, 'Clothing', 'Proin leo odio, porttitor id, consequat in, consequat ut, nulla. Sed accumsan felis. Ut at dolor quis odio consequat varius.\r\n\r\nInteger ac leo. Pellentesque ultrices mattis odio. Donec vitae nisi.', b'0', NULL),
(100, 'Compound - Raspberry', 'Booster', 180, 5636, 'Clothing', 'Phasellus in felis. Donec semper sapien a libero. Nam dui.\r\n\r\nProin leo odio, porttitor id, consequat in, consequat ut, nulla. Sed accumsan felis. Ut at dolor quis odio consequat varius.\r\n\r\nInteger ac leo. Pellentesque ultrices mattis odio. Donec vitae nisi.', b'0', NULL),
(101, 'Lid Tray - 16in Dome', 'Starbucks', 55, 7808, 'Clothing', 'Duis bibendum, felis sed interdum venenatis, turpis enim blandit mi, in porttitor pede justo eu massa. Donec dapibus. Duis at velit eu est congue elementum.\r\n\r\nIn hac habitasse platea dictumst. Morbi vestibulum, velit id pretium iaculis, diam erat fermentum justo, nec condimentum neque sapien placerat ante. Nulla justo.\r\n\r\nAliquam quis turpis eget elit sodales scelerisque. Mauris sit amet eros. Suspendisse accumsan tortor quis turpis.', b'0', NULL),
(102, 'Veal - Osso Bucco', 'Spinneys', 1621, 1871, 'Toys', 'Praesent blandit. Nam nulla. Integer pede justo, lacinia eget, tincidunt eget, tempus vel, pede.\r\n\r\nMorbi porttitor lorem id ligula. Suspendisse ornare consequat lectus. In est risus, auctor sed, tristique in, tempus sit amet, sem.', b'0', NULL),
(103, 'Fork - Plastic', 'AUST', 1167, 336, 'Clothing', 'In sagittis dui vel nisl. Duis ac nibh. Fusce lacus purus, aliquet at, feugiat non, pretium quis, lectus.\r\n\r\nSuspendisse potenti. In eleifend quam a odio. In hac habitasse platea dictumst.\r\n\r\nMaecenas ut massa quis augue luctus tincidunt. Nulla mollis molestie lorem. Quisque ut erat.', b'0', NULL),
(104, 'Venison - Ground', 'Spinneys', 981, 2737, 'Toys', 'Integer ac leo. Pellentesque ultrices mattis odio. Donec vitae nisi.\r\n\r\nNam ultrices, libero non mattis pulvinar, nulla pede ullamcorper augue, a suscipit nulla elit ac nulla. Sed vel enim sit amet nunc viverra dapibus. Nulla suscipit ligula in lacus.', b'0', NULL),
(105, 'Calvados - Boulard', 'AUST', 1472, 3942, 'Electronics', 'Nullam porttitor lacus at turpis. Donec posuere metus vitae ipsum. Aliquam non mauris.\r\n\r\nMorbi non lectus. Aliquam sit amet diam in magna bibendum imperdiet. Nullam orci pede, venenatis non, sodales sed, tincidunt eu, felis.\r\n\r\nFusce posuere felis sed lacus. Morbi sem mauris, laoreet ut, rhoncus aliquet, pulvinar sed, nisl. Nunc rhoncus dui vel sem.', b'0', NULL),
(106, 'Bar Energy Chocchip', 'Spinneys', 1452, 9522, 'Groceries', 'Morbi non lectus. Aliquam sit amet diam in magna bibendum imperdiet. Nullam orci pede, venenatis non, sodales sed, tincidunt eu, felis.\r\n\r\nFusce posuere felis sed lacus. Morbi sem mauris, laoreet ut, rhoncus aliquet, pulvinar sed, nisl. Nunc rhoncus dui vel sem.', b'0', NULL),
(107, 'Steam Pan - Half Size Deep', 'AUST', 759, 5802, 'Groceries', 'Cum sociis natoque penatibus et magnis dis parturient montes, nascetur ridiculus mus. Vivamus vestibulum sagittis sapien. Cum sociis natoque penatibus et magnis dis parturient montes, nascetur ridiculus mus.\r\n\r\nEtiam vel augue. Vestibulum rutrum rutrum neque. Aenean auctor gravida sem.', b'0', NULL),
(108, 'Mushroom - Portebello', 'Spinneys', 1335, 9879, 'Groceries', 'Aliquam quis turpis eget elit sodales scelerisque. Mauris sit amet eros. Suspendisse accumsan tortor quis turpis.', b'0', NULL),
(109, 'Flour - Strong Pizza', 'Starbucks', 680, 7107, 'Food', 'Suspendisse potenti. In eleifend quam a odio. In hac habitasse platea dictumst.\r\n\r\nMaecenas ut massa quis augue luctus tincidunt. Nulla mollis molestie lorem. Quisque ut erat.\r\n\r\nCurabitur gravida nisi at nibh. In hac habitasse platea dictumst. Aliquam augue quam, sollicitudin vitae, consectetuer eget, rutrum at, lorem.', b'0', NULL),
(110, 'Mushroom - Morels, Dry', 'Booster', 377, 3895, 'Food', 'Praesent id massa id nisl venenatis lacinia. Aenean sit amet justo. Morbi ut odio.\r\n\r\nCras mi pede, malesuada in, imperdiet et, commodo vulputate, justo. In blandit ultrices enim. Lorem ipsum dolor sit amet, consectetuer adipiscing elit.\r\n\r\nProin interdum mauris non ligula pellentesque ultrices. Phasellus id sapien in sapien iaculis congue. Vivamus metus arcu, adipiscing molestie, hendrerit at, vulputate vitae, nisl.', b'0', NULL),
(111, 'Wine - Magnotta, White', 'Starbucks', 1605, 5718, 'Electronics', 'Maecenas leo odio, condimentum id, luctus nec, molestie sed, justo. Pellentesque viverra pede ac diam. Cras pellentesque volutpat dui.\r\n\r\nMaecenas tristique, est et tempus semper, est quam pharetra magna, ac consequat metus sapien ut nunc. Vestibulum ante ipsum primis in faucibus orci luctus et ultrices posuere cubilia Curae; Mauris viverra diam vitae quam. Suspendisse potenti.', b'0', NULL),
(112, 'Roe - White Fish', 'Booster', 1976, 6120, 'Electronics', 'Aliquam quis turpis eget elit sodales scelerisque. Mauris sit amet eros. Suspendisse accumsan tortor quis turpis.\r\n\r\nSed ante. Vivamus tortor. Duis mattis egestas metus.\r\n\r\nAenean fermentum. Donec ut mauris eget massa tempor convallis. Nulla neque libero, convallis eget, eleifend luctus, ultricies eu, nibh.', b'0', NULL),
(113, 'Grapefruit - White', 'Booster', 175, 6932, 'Groceries', 'Nullam porttitor lacus at turpis. Donec posuere metus vitae ipsum. Aliquam non mauris.', b'0', NULL),
(114, 'Nut - Cashews, Whole, Raw', 'Spinneys', 1508, 9493, 'Groceries', 'Praesent id massa id nisl venenatis lacinia. Aenean sit amet justo. Morbi ut odio.\r\n\r\nCras mi pede, malesuada in, imperdiet et, commodo vulputate, justo. In blandit ultrices enim. Lorem ipsum dolor sit amet, consectetuer adipiscing elit.\r\n\r\nProin interdum mauris non ligula pellentesque ultrices. Phasellus id sapien in sapien iaculis congue. Vivamus metus arcu, adipiscing molestie, hendrerit at, vulputate vitae, nisl.', b'0', NULL),
(115, 'Wine - Coteaux Du Tricastin Ac', 'Booster', 1502, 5391, 'Food', 'Etiam vel augue. Vestibulum rutrum rutrum neque. Aenean auctor gravida sem.', b'0', NULL),
(116, 'Pork - Side Ribs', 'Starbucks', 25, 2191, 'Electronics', 'Quisque porta volutpat erat. Quisque erat eros, viverra eget, congue eget, semper rutrum, nulla. Nunc purus.\r\n\r\nPhasellus in felis. Donec semper sapien a libero. Nam dui.\r\n\r\nProin leo odio, porttitor id, consequat in, consequat ut, nulla. Sed accumsan felis. Ut at dolor quis odio consequat varius.', b'0', NULL),
(117, 'Table Cloth 144x90 White', 'Hibou', 704, 5028, 'Food', 'Fusce consequat. Nulla nisl. Nunc nisl.', b'0', NULL),
(118, 'Bag Clear 10 Lb', 'Starbucks', 1164, 9257, 'Food', 'Integer tincidunt ante vel ipsum. Praesent blandit lacinia erat. Vestibulum sed magna at nunc commodo placerat.\r\n\r\nPraesent blandit. Nam nulla. Integer pede justo, lacinia eget, tincidunt eget, tempus vel, pede.', b'0', NULL),
(119, 'Sauce - Demi Glace', 'Hibou', 1077, 287, 'Electronics', 'Suspendisse potenti. In eleifend quam a odio. In hac habitasse platea dictumst.\r\n\r\nMaecenas ut massa quis augue luctus tincidunt. Nulla mollis molestie lorem. Quisque ut erat.\r\n\r\nCurabitur gravida nisi at nibh. In hac habitasse platea dictumst. Aliquam augue quam, sollicitudin vitae, consectetuer eget, rutrum at, lorem.', b'0', NULL),
(120, 'Isomalt', 'Starbucks', 1570, 876, 'Groceries', 'Aliquam quis turpis eget elit sodales scelerisque. Mauris sit amet eros. Suspendisse accumsan tortor quis turpis.', b'0', NULL),
(121, 'Bread - Raisin', 'Spinneys', 202, 4907, 'Toys', 'Quisque porta volutpat erat. Quisque erat eros, viverra eget, congue eget, semper rutrum, nulla. Nunc purus.', b'0', NULL),
(122, 'Cheese - Parmigiano Reggiano', 'Spinneys', 905, 4983, 'Groceries', 'Maecenas tristique, est et tempus semper, est quam pharetra magna, ac consequat metus sapien ut nunc. Vestibulum ante ipsum primis in faucibus orci luctus et ultrices posuere cubilia Curae; Mauris viverra diam vitae quam. Suspendisse potenti.\r\n\r\nNullam porttitor lacus at turpis. Donec posuere metus vitae ipsum. Aliquam non mauris.', b'0', NULL),
(123, 'Clams - Canned', 'Booster', 1664, 2570, 'Clothing', 'In hac habitasse platea dictumst. Etiam faucibus cursus urna. Ut tellus.', b'0', NULL),
(124, 'Table Cloth 53x53 White', 'Starbucks', 965, 1486, 'Toys', 'Proin leo odio, porttitor id, consequat in, consequat ut, nulla. Sed accumsan felis. Ut at dolor quis odio consequat varius.\r\n\r\nInteger ac leo. Pellentesque ultrices mattis odio. Donec vitae nisi.\r\n\r\nNam ultrices, libero non mattis pulvinar, nulla pede ullamcorper augue, a suscipit nulla elit ac nulla. Sed vel enim sit amet nunc viverra dapibus. Nulla suscipit ligula in lacus.', b'0', NULL),
(125, 'Steel Wool', 'Starbucks', 707, 4129, 'Electronics', 'Praesent id massa id nisl venenatis lacinia. Aenean sit amet justo. Morbi ut odio.', b'0', NULL),
(126, 'Wine - Red, Lurton Merlot De', 'Spinneys', 840, 5100, 'Food', 'Duis aliquam convallis nunc. Proin at turpis a pede posuere nonummy. Integer non velit.', b'0', NULL),
(127, 'Leeks - Baby, White', 'Booster', 50, 8400, 'Toys', 'Quisque porta volutpat erat. Quisque erat eros, viverra eget, congue eget, semper rutrum, nulla. Nunc purus.\r\n\r\nPhasellus in felis. Donec semper sapien a libero. Nam dui.\r\n\r\nProin leo odio, porttitor id, consequat in, consequat ut, nulla. Sed accumsan felis. Ut at dolor quis odio consequat varius.', b'0', NULL),
(128, 'Bread - Hot Dog Buns', 'Spinneys', 1399, 2796, 'Toys', 'Nulla ut erat id mauris vulputate elementum. Nullam varius. Nulla facilisi.\r\n\r\nCras non velit nec nisi vulputate nonummy. Maecenas tincidunt lacus at velit. Vivamus vel nulla eget eros elementum pellentesque.\r\n\r\nQuisque porta volutpat erat. Quisque erat eros, viverra eget, congue eget, semper rutrum, nulla. Nunc purus.', b'0', NULL),
(129, 'Pail - 15l White, With Handle', 'AUST', 185, 5743, 'Electronics', 'Duis bibendum. Morbi non quam nec dui luctus rutrum. Nulla tellus.\r\n\r\nIn sagittis dui vel nisl. Duis ac nibh. Fusce lacus purus, aliquet at, feugiat non, pretium quis, lectus.', b'0', NULL),
(130, 'Puree - Raspberry', 'Spinneys', 1734, 5857, 'Electronics', 'Curabitur in libero ut massa volutpat convallis. Morbi odio odio, elementum eu, interdum eu, tincidunt in, leo. Maecenas pulvinar lobortis est.', b'0', NULL),
(131, 'Jolt Cola - Red Eye', 'AUST', 1000, 1580, 'Groceries', 'Pellentesque at nulla. Suspendisse potenti. Cras in purus eu magna vulputate luctus.\r\n\r\nCum sociis natoque penatibus et magnis dis parturient montes, nascetur ridiculus mus. Vivamus vestibulum sagittis sapien. Cum sociis natoque penatibus et magnis dis parturient montes, nascetur ridiculus mus.\r\n\r\nEtiam vel augue. Vestibulum rutrum rutrum neque. Aenean auctor gravida sem.', b'0', NULL),
(132, 'Cheese - Goat With Herbs', 'Hibou', 803, 2898, 'Groceries', 'Donec diam neque, vestibulum eget, vulputate ut, ultrices vel, augue. Vestibulum ante ipsum primis in faucibus orci luctus et ultrices posuere cubilia Curae; Donec pharetra, magna vestibulum aliquet ultrices, erat tortor sollicitudin mi, sit amet lobortis sapien sapien non mi. Integer ac neque.\r\n\r\nDuis bibendum. Morbi non quam nec dui luctus rutrum. Nulla tellus.\r\n\r\nIn sagittis dui vel nisl. Duis ac nibh. Fusce lacus purus, aliquet at, feugiat non, pretium quis, lectus.', b'1', NULL);
INSERT INTO `product_t` (`product_id`, `product_name`, `user_username`, `product_price`, `product_loco`, `product_category`, `product_description`, `product_offered`, `product_image`) VALUES
(133, 'Haggis', 'Starbucks', 1943, 693, 'Toys', 'Maecenas tristique, est et tempus semper, est quam pharetra magna, ac consequat metus sapien ut nunc. Vestibulum ante ipsum primis in faucibus orci luctus et ultrices posuere cubilia Curae; Mauris viverra diam vitae quam. Suspendisse potenti.\r\n\r\nNullam porttitor lacus at turpis. Donec posuere metus vitae ipsum. Aliquam non mauris.\r\n\r\nMorbi non lectus. Aliquam sit amet diam in magna bibendum imperdiet. Nullam orci pede, venenatis non, sodales sed, tincidunt eu, felis.', b'0', NULL),
(134, 'Beef - Montreal Smoked Brisket', 'Spinneys', 606, 2412, 'Groceries', 'Fusce posuere felis sed lacus. Morbi sem mauris, laoreet ut, rhoncus aliquet, pulvinar sed, nisl. Nunc rhoncus dui vel sem.\r\n\r\nSed sagittis. Nam congue, risus semper porta volutpat, quam pede lobortis ligula, sit amet eleifend pede libero quis orci. Nullam molestie nibh in lectus.\r\n\r\nPellentesque at nulla. Suspendisse potenti. Cras in purus eu magna vulputate luctus.', b'0', NULL),
(135, 'Vinegar - Cider', 'Booster', 1057, 174, 'Food', 'Etiam vel augue. Vestibulum rutrum rutrum neque. Aenean auctor gravida sem.\r\n\r\nPraesent id massa id nisl venenatis lacinia. Aenean sit amet justo. Morbi ut odio.\r\n\r\nCras mi pede, malesuada in, imperdiet et, commodo vulputate, justo. In blandit ultrices enim. Lorem ipsum dolor sit amet, consectetuer adipiscing elit.', b'0', NULL),
(136, 'Snails - Large Canned', 'Starbucks', 1691, 495, 'Electronics', 'Vestibulum quam sapien, varius ut, blandit non, interdum in, ante. Vestibulum ante ipsum primis in faucibus orci luctus et ultrices posuere cubilia Curae; Duis faucibus accumsan odio. Curabitur convallis.\r\n\r\nDuis consequat dui nec nisi volutpat eleifend. Donec ut dolor. Morbi vel lectus in quam fringilla rhoncus.\r\n\r\nMauris enim leo, rhoncus sed, vestibulum sit amet, cursus id, turpis. Integer aliquet, massa id lobortis convallis, tortor risus dapibus augue, vel accumsan tellus nisi eu orci. Mauris lacinia sapien quis libero.', b'0', NULL),
(137, 'Turkey - Oven Roast Breast', 'Hibou', 799, 3316, 'Electronics', 'Maecenas tristique, est et tempus semper, est quam pharetra magna, ac consequat metus sapien ut nunc. Vestibulum ante ipsum primis in faucibus orci luctus et ultrices posuere cubilia Curae; Mauris viverra diam vitae quam. Suspendisse potenti.\r\n\r\nNullam porttitor lacus at turpis. Donec posuere metus vitae ipsum. Aliquam non mauris.\r\n\r\nMorbi non lectus. Aliquam sit amet diam in magna bibendum imperdiet. Nullam orci pede, venenatis non, sodales sed, tincidunt eu, felis.', b'0', NULL),
(138, 'Rosemary - Fresh', 'Starbucks', 500, 1995, 'Food', 'Morbi porttitor lorem id ligula. Suspendisse ornare consequat lectus. In est risus, auctor sed, tristique in, tempus sit amet, sem.\r\n\r\nFusce consequat. Nulla nisl. Nunc nisl.', b'0', NULL),
(139, 'Mussels - Frozen', 'Starbucks', 1837, 1086, 'Toys', 'In hac habitasse platea dictumst. Morbi vestibulum, velit id pretium iaculis, diam erat fermentum justo, nec condimentum neque sapien placerat ante. Nulla justo.\r\n\r\nAliquam quis turpis eget elit sodales scelerisque. Mauris sit amet eros. Suspendisse accumsan tortor quis turpis.\r\n\r\nSed ante. Vivamus tortor. Duis mattis egestas metus.', b'0', NULL),
(140, 'Coffee Decaf Colombian', 'Hibou', 1250, 4055, 'Food', 'Donec diam neque, vestibulum eget, vulputate ut, ultrices vel, augue. Vestibulum ante ipsum primis in faucibus orci luctus et ultrices posuere cubilia Curae; Donec pharetra, magna vestibulum aliquet ultrices, erat tortor sollicitudin mi, sit amet lobortis sapien sapien non mi. Integer ac neque.\r\n\r\nDuis bibendum. Morbi non quam nec dui luctus rutrum. Nulla tellus.\r\n\r\nIn sagittis dui vel nisl. Duis ac nibh. Fusce lacus purus, aliquet at, feugiat non, pretium quis, lectus.', b'1', NULL),
(141, 'Appetizer - Mango Chevre', 'Booster', 889, 6556, 'Clothing', 'Curabitur gravida nisi at nibh. In hac habitasse platea dictumst. Aliquam augue quam, sollicitudin vitae, consectetuer eget, rutrum at, lorem.', b'0', NULL),
(142, 'Energy Drink Red Bull', 'AUST', 931, 8101, 'Food', 'Integer ac leo. Pellentesque ultrices mattis odio. Donec vitae nisi.\r\n\r\nNam ultrices, libero non mattis pulvinar, nulla pede ullamcorper augue, a suscipit nulla elit ac nulla. Sed vel enim sit amet nunc viverra dapibus. Nulla suscipit ligula in lacus.', b'0', NULL),
(143, 'Pie Filling - Apple', 'Spinneys', 1485, 31, 'Groceries', 'Proin eu mi. Nulla ac enim. In tempor, turpis nec euismod scelerisque, quam turpis adipiscing lorem, vitae mattis nibh ligula nec sem.', b'0', NULL),
(144, 'Thyme - Dried', 'Starbucks', 1936, 1643, 'Groceries', 'Nulla ut erat id mauris vulputate elementum. Nullam varius. Nulla facilisi.', b'0', NULL),
(145, 'Foil Wrap', 'AUST', 1732, 7323, 'Groceries', 'Proin interdum mauris non ligula pellentesque ultrices. Phasellus id sapien in sapien iaculis congue. Vivamus metus arcu, adipiscing molestie, hendrerit at, vulputate vitae, nisl.', b'0', NULL),
(146, 'Kellogs Raisan Bran Bars', 'Hibou', 1058, 1611, 'Groceries', 'Lorem ipsum dolor sit amet, consectetuer adipiscing elit. Proin risus. Praesent lectus.\r\n\r\nVestibulum quam sapien, varius ut, blandit non, interdum in, ante. Vestibulum ante ipsum primis in faucibus orci luctus et ultrices posuere cubilia Curae; Duis faucibus accumsan odio. Curabitur convallis.\r\n\r\nDuis consequat dui nec nisi volutpat eleifend. Donec ut dolor. Morbi vel lectus in quam fringilla rhoncus.', b'0', NULL),
(147, 'Brandy - Orange, Mc Guiness', 'AUST', 1512, 1193, 'Clothing', 'Nullam sit amet turpis elementum ligula vehicula consequat. Morbi a ipsum. Integer a nibh.\r\n\r\nIn quis justo. Maecenas rhoncus aliquam lacus. Morbi quis tortor id nulla ultrices aliquet.\r\n\r\nMaecenas leo odio, condimentum id, luctus nec, molestie sed, justo. Pellentesque viverra pede ac diam. Cras pellentesque volutpat dui.', b'0', NULL),
(148, 'Potatoes - Peeled', 'Booster', 736, 3860, 'Groceries', 'Nullam porttitor lacus at turpis. Donec posuere metus vitae ipsum. Aliquam non mauris.\r\n\r\nMorbi non lectus. Aliquam sit amet diam in magna bibendum imperdiet. Nullam orci pede, venenatis non, sodales sed, tincidunt eu, felis.', b'0', NULL),
(149, 'Muffin Hinge 117n', 'Starbucks', 1662, 6650, 'Groceries', 'Proin eu mi. Nulla ac enim. In tempor, turpis nec euismod scelerisque, quam turpis adipiscing lorem, vitae mattis nibh ligula nec sem.\r\n\r\nDuis aliquam convallis nunc. Proin at turpis a pede posuere nonummy. Integer non velit.\r\n\r\nDonec diam neque, vestibulum eget, vulputate ut, ultrices vel, augue. Vestibulum ante ipsum primis in faucibus orci luctus et ultrices posuere cubilia Curae; Donec pharetra, magna vestibulum aliquet ultrices, erat tortor sollicitudin mi, sit amet lobortis sapien sapien non mi. Integer ac neque.', b'0', NULL),
(150, 'Cinnamon - Stick', 'Booster', 1051, 478, 'Toys', 'Curabitur in libero ut massa volutpat convallis. Morbi odio odio, elementum eu, interdum eu, tincidunt in, leo. Maecenas pulvinar lobortis est.', b'0', NULL),
(151, 'Chicken - Wieners', 'Hibou', 1386, 2275, 'Groceries', 'Integer ac leo. Pellentesque ultrices mattis odio. Donec vitae nisi.\r\n\r\nNam ultrices, libero non mattis pulvinar, nulla pede ullamcorper augue, a suscipit nulla elit ac nulla. Sed vel enim sit amet nunc viverra dapibus. Nulla suscipit ligula in lacus.', b'1', NULL),
(152, 'Oil - Olive, Extra Virgin', 'Hibou', 1584, 8484, 'Clothing', 'Donec diam neque, vestibulum eget, vulputate ut, ultrices vel, augue. Vestibulum ante ipsum primis in faucibus orci luctus et ultrices posuere cubilia Curae; Donec pharetra, magna vestibulum aliquet ultrices, erat tortor sollicitudin mi, sit amet lobortis sapien sapien non mi. Integer ac neque.\r\n\r\nDuis bibendum. Morbi non quam nec dui luctus rutrum. Nulla tellus.', b'1', NULL),
(153, 'Beer - Guiness', 'Starbucks', 1207, 4669, 'Toys', 'Proin leo odio, porttitor id, consequat in, consequat ut, nulla. Sed accumsan felis. Ut at dolor quis odio consequat varius.\r\n\r\nInteger ac leo. Pellentesque ultrices mattis odio. Donec vitae nisi.', b'0', NULL),
(154, 'Wine - Clavet Saint Emilion', 'Starbucks', 1284, 4727, 'Groceries', 'Aliquam quis turpis eget elit sodales scelerisque. Mauris sit amet eros. Suspendisse accumsan tortor quis turpis.\r\n\r\nSed ante. Vivamus tortor. Duis mattis egestas metus.', b'0', NULL),
(155, 'Bread - Malt', 'Booster', 1747, 2528, 'Toys', 'Curabitur gravida nisi at nibh. In hac habitasse platea dictumst. Aliquam augue quam, sollicitudin vitae, consectetuer eget, rutrum at, lorem.', b'0', NULL),
(156, 'Ham Black Forest', 'Hibou', 1401, 365, 'Electronics', 'Proin interdum mauris non ligula pellentesque ultrices. Phasellus id sapien in sapien iaculis congue. Vivamus metus arcu, adipiscing molestie, hendrerit at, vulputate vitae, nisl.\r\n\r\nAenean lectus. Pellentesque eget nunc. Donec quis orci eget orci vehicula condimentum.\r\n\r\nCurabitur in libero ut massa volutpat convallis. Morbi odio odio, elementum eu, interdum eu, tincidunt in, leo. Maecenas pulvinar lobortis est.', b'0', NULL),
(157, 'Lentils - Green Le Puy', 'Booster', 25, 4467, 'Food', 'In sagittis dui vel nisl. Duis ac nibh. Fusce lacus purus, aliquet at, feugiat non, pretium quis, lectus.\r\n\r\nSuspendisse potenti. In eleifend quam a odio. In hac habitasse platea dictumst.', b'0', NULL),
(158, 'Pie Filling - Pumpkin', 'Booster', 1160, 8922, 'Groceries', 'Quisque porta volutpat erat. Quisque erat eros, viverra eget, congue eget, semper rutrum, nulla. Nunc purus.\r\n\r\nPhasellus in felis. Donec semper sapien a libero. Nam dui.\r\n\r\nProin leo odio, porttitor id, consequat in, consequat ut, nulla. Sed accumsan felis. Ut at dolor quis odio consequat varius.', b'0', NULL),
(159, 'Swordfish Loin Portions', 'Starbucks', 617, 561, 'Toys', 'Integer ac leo. Pellentesque ultrices mattis odio. Donec vitae nisi.\r\n\r\nNam ultrices, libero non mattis pulvinar, nulla pede ullamcorper augue, a suscipit nulla elit ac nulla. Sed vel enim sit amet nunc viverra dapibus. Nulla suscipit ligula in lacus.', b'0', NULL),
(160, 'Paper Cocktail Umberlla 80 - 180', 'Hibou', 581, 2970, 'Clothing', 'Duis bibendum. Morbi non quam nec dui luctus rutrum. Nulla tellus.', b'0', NULL),
(161, 'Chicken Giblets', 'Spinneys', 1344, 3663, 'Toys', 'Vestibulum quam sapien, varius ut, blandit non, interdum in, ante. Vestibulum ante ipsum primis in faucibus orci luctus et ultrices posuere cubilia Curae; Duis faucibus accumsan odio. Curabitur convallis.', b'0', NULL),
(162, 'Oven Mitts - 15 Inch', 'Hibou', 1023, 1545, 'Clothing', 'Aenean lectus. Pellentesque eget nunc. Donec quis orci eget orci vehicula condimentum.', b'0', NULL),
(163, 'Sproutsmustard Cress', 'Spinneys', 850, 1645, 'Groceries', 'Curabitur at ipsum ac tellus semper interdum. Mauris ullamcorper purus sit amet nulla. Quisque arcu libero, rutrum ac, lobortis vel, dapibus at, diam.', b'0', NULL),
(164, 'Rice - Brown', 'Starbucks', 1870, 9721, 'Electronics', 'Cras non velit nec nisi vulputate nonummy. Maecenas tincidunt lacus at velit. Vivamus vel nulla eget eros elementum pellentesque.', b'0', NULL),
(165, 'Tea - Black Currant', 'Spinneys', 563, 5211, 'Groceries', 'Praesent blandit. Nam nulla. Integer pede justo, lacinia eget, tincidunt eget, tempus vel, pede.\r\n\r\nMorbi porttitor lorem id ligula. Suspendisse ornare consequat lectus. In est risus, auctor sed, tristique in, tempus sit amet, sem.', b'0', NULL),
(166, 'Table Cloth 72x144 White', 'Hibou', 936, 8273, 'Electronics', 'Cras non velit nec nisi vulputate nonummy. Maecenas tincidunt lacus at velit. Vivamus vel nulla eget eros elementum pellentesque.', b'0', NULL),
(167, 'Extract - Vanilla,artificial', 'Spinneys', 143, 3458, 'Groceries', 'Duis aliquam convallis nunc. Proin at turpis a pede posuere nonummy. Integer non velit.', b'0', NULL),
(168, 'Wine - Lamancha Do Crianza', 'Booster', 1406, 9720, 'Food', 'Proin interdum mauris non ligula pellentesque ultrices. Phasellus id sapien in sapien iaculis congue. Vivamus metus arcu, adipiscing molestie, hendrerit at, vulputate vitae, nisl.', b'0', NULL),
(169, 'Ice Cream Bar - Drumstick', 'AUST', 868, 4513, 'Food', 'Quisque id justo sit amet sapien dignissim vestibulum. Vestibulum ante ipsum primis in faucibus orci luctus et ultrices posuere cubilia Curae; Nulla dapibus dolor vel est. Donec odio justo, sollicitudin ut, suscipit a, feugiat et, eros.\r\n\r\nVestibulum ac est lacinia nisi venenatis tristique. Fusce congue, diam id ornare imperdiet, sapien urna pretium nisl, ut volutpat sapien arcu sed augue. Aliquam erat volutpat.\r\n\r\nIn congue. Etiam justo. Etiam pretium iaculis justo.', b'0', NULL),
(170, 'Bread - 10 Grain', 'Spinneys', 401, 1662, 'Clothing', 'Morbi non lectus. Aliquam sit amet diam in magna bibendum imperdiet. Nullam orci pede, venenatis non, sodales sed, tincidunt eu, felis.', b'0', NULL),
(171, 'Pan Grease', 'Booster', 298, 8707, 'Electronics', 'Vestibulum quam sapien, varius ut, blandit non, interdum in, ante. Vestibulum ante ipsum primis in faucibus orci luctus et ultrices posuere cubilia Curae; Duis faucibus accumsan odio. Curabitur convallis.\r\n\r\nDuis consequat dui nec nisi volutpat eleifend. Donec ut dolor. Morbi vel lectus in quam fringilla rhoncus.\r\n\r\nMauris enim leo, rhoncus sed, vestibulum sit amet, cursus id, turpis. Integer aliquet, massa id lobortis convallis, tortor risus dapibus augue, vel accumsan tellus nisi eu orci. Mauris lacinia sapien quis libero.', b'0', NULL),
(172, 'Crackers Cheez It', 'Starbucks', 854, 5619, 'Clothing', 'Morbi non lectus. Aliquam sit amet diam in magna bibendum imperdiet. Nullam orci pede, venenatis non, sodales sed, tincidunt eu, felis.\r\n\r\nFusce posuere felis sed lacus. Morbi sem mauris, laoreet ut, rhoncus aliquet, pulvinar sed, nisl. Nunc rhoncus dui vel sem.\r\n\r\nSed sagittis. Nam congue, risus semper porta volutpat, quam pede lobortis ligula, sit amet eleifend pede libero quis orci. Nullam molestie nibh in lectus.', b'0', NULL),
(173, 'Yogurt - Plain', 'Hibou', 783, 3731, 'Electronics', 'Maecenas ut massa quis augue luctus tincidunt. Nulla mollis molestie lorem. Quisque ut erat.', b'0', NULL),
(174, 'Soup - Campbells Chili Veg', 'Booster', 1189, 4728, 'Clothing', 'Curabitur in libero ut massa volutpat convallis. Morbi odio odio, elementum eu, interdum eu, tincidunt in, leo. Maecenas pulvinar lobortis est.\r\n\r\nPhasellus sit amet erat. Nulla tempus. Vivamus in felis eu sapien cursus vestibulum.\r\n\r\nProin eu mi. Nulla ac enim. In tempor, turpis nec euismod scelerisque, quam turpis adipiscing lorem, vitae mattis nibh ligula nec sem.', b'0', NULL),
(175, 'Wine - Remy Pannier Rose', 'Spinneys', 1686, 6604, 'Toys', 'Maecenas ut massa quis augue luctus tincidunt. Nulla mollis molestie lorem. Quisque ut erat.\r\n\r\nCurabitur gravida nisi at nibh. In hac habitasse platea dictumst. Aliquam augue quam, sollicitudin vitae, consectetuer eget, rutrum at, lorem.\r\n\r\nInteger tincidunt ante vel ipsum. Praesent blandit lacinia erat. Vestibulum sed magna at nunc commodo placerat.', b'0', NULL),
(176, 'Beer - True North Strong Ale', 'AUST', 494, 6649, 'Groceries', 'Lorem ipsum dolor sit amet, consectetuer adipiscing elit. Proin risus. Praesent lectus.\r\n\r\nVestibulum quam sapien, varius ut, blandit non, interdum in, ante. Vestibulum ante ipsum primis in faucibus orci luctus et ultrices posuere cubilia Curae; Duis faucibus accumsan odio. Curabitur convallis.', b'0', NULL),
(177, 'Juice - V8, Tomato', 'Starbucks', 1802, 2350, 'Clothing', 'Curabitur in libero ut massa volutpat convallis. Morbi odio odio, elementum eu, interdum eu, tincidunt in, leo. Maecenas pulvinar lobortis est.\r\n\r\nPhasellus sit amet erat. Nulla tempus. Vivamus in felis eu sapien cursus vestibulum.', b'0', NULL),
(178, 'Vinegar - White', 'Hibou', 141, 3902, 'Groceries', 'Suspendisse potenti. In eleifend quam a odio. In hac habitasse platea dictumst.\r\n\r\nMaecenas ut massa quis augue luctus tincidunt. Nulla mollis molestie lorem. Quisque ut erat.', b'0', NULL),
(179, 'Pork - Butt, Boneless', 'Spinneys', 455, 9775, 'Groceries', 'In quis justo. Maecenas rhoncus aliquam lacus. Morbi quis tortor id nulla ultrices aliquet.\r\n\r\nMaecenas leo odio, condimentum id, luctus nec, molestie sed, justo. Pellentesque viverra pede ac diam. Cras pellentesque volutpat dui.', b'0', NULL),
(180, 'Raspberries - Frozen', 'Spinneys', 787, 7314, 'Toys', 'Quisque porta volutpat erat. Quisque erat eros, viverra eget, congue eget, semper rutrum, nulla. Nunc purus.\r\n\r\nPhasellus in felis. Donec semper sapien a libero. Nam dui.', b'0', NULL),
(181, 'Dawn Professionl Pot And Pan', 'Starbucks', 1066, 4931, 'Food', 'Nullam porttitor lacus at turpis. Donec posuere metus vitae ipsum. Aliquam non mauris.\r\n\r\nMorbi non lectus. Aliquam sit amet diam in magna bibendum imperdiet. Nullam orci pede, venenatis non, sodales sed, tincidunt eu, felis.', b'0', NULL),
(182, 'Sauce Tomato Pouch', 'Spinneys', 984, 6211, 'Food', 'Nulla ut erat id mauris vulputate elementum. Nullam varius. Nulla facilisi.\r\n\r\nCras non velit nec nisi vulputate nonummy. Maecenas tincidunt lacus at velit. Vivamus vel nulla eget eros elementum pellentesque.', b'0', NULL),
(183, 'Pate - Liver', 'AUST', 1216, 3568, 'Toys', 'In congue. Etiam justo. Etiam pretium iaculis justo.\r\n\r\nIn hac habitasse platea dictumst. Etiam faucibus cursus urna. Ut tellus.\r\n\r\nNulla ut erat id mauris vulputate elementum. Nullam varius. Nulla facilisi.', b'0', NULL),
(184, 'Lid Tray - 12in Dome', 'Starbucks', 1878, 3406, 'Food', 'Phasellus sit amet erat. Nulla tempus. Vivamus in felis eu sapien cursus vestibulum.\r\n\r\nProin eu mi. Nulla ac enim. In tempor, turpis nec euismod scelerisque, quam turpis adipiscing lorem, vitae mattis nibh ligula nec sem.', b'0', NULL),
(185, 'Pork - Bones', 'Starbucks', 926, 8651, 'Electronics', 'Maecenas tristique, est et tempus semper, est quam pharetra magna, ac consequat metus sapien ut nunc. Vestibulum ante ipsum primis in faucibus orci luctus et ultrices posuere cubilia Curae; Mauris viverra diam vitae quam. Suspendisse potenti.\r\n\r\nNullam porttitor lacus at turpis. Donec posuere metus vitae ipsum. Aliquam non mauris.', b'0', NULL),
(186, 'Coffee - Frthy Coffee Crisp', 'Starbucks', 939, 272, 'Toys', 'Vestibulum ac est lacinia nisi venenatis tristique. Fusce congue, diam id ornare imperdiet, sapien urna pretium nisl, ut volutpat sapien arcu sed augue. Aliquam erat volutpat.\r\n\r\nIn congue. Etiam justo. Etiam pretium iaculis justo.', b'0', NULL),
(187, 'Dome Lid Clear P92008h', 'Starbucks', 158, 8805, 'Toys', 'Nulla ut erat id mauris vulputate elementum. Nullam varius. Nulla facilisi.\r\n\r\nCras non velit nec nisi vulputate nonummy. Maecenas tincidunt lacus at velit. Vivamus vel nulla eget eros elementum pellentesque.\r\n\r\nQuisque porta volutpat erat. Quisque erat eros, viverra eget, congue eget, semper rutrum, nulla. Nunc purus.', b'0', NULL),
(188, 'Venison - Ground', 'Booster', 1759, 1336, 'Toys', 'In quis justo. Maecenas rhoncus aliquam lacus. Morbi quis tortor id nulla ultrices aliquet.\r\n\r\nMaecenas leo odio, condimentum id, luctus nec, molestie sed, justo. Pellentesque viverra pede ac diam. Cras pellentesque volutpat dui.', b'0', NULL),
(189, 'Dill Weed - Dry', 'Starbucks', 1490, 2492, 'Clothing', 'Curabitur gravida nisi at nibh. In hac habitasse platea dictumst. Aliquam augue quam, sollicitudin vitae, consectetuer eget, rutrum at, lorem.\r\n\r\nInteger tincidunt ante vel ipsum. Praesent blandit lacinia erat. Vestibulum sed magna at nunc commodo placerat.', b'0', NULL),
(190, 'Parsley - Fresh', 'Hibou', 143, 3036, 'Groceries', 'Fusce posuere felis sed lacus. Morbi sem mauris, laoreet ut, rhoncus aliquet, pulvinar sed, nisl. Nunc rhoncus dui vel sem.\r\n\r\nSed sagittis. Nam congue, risus semper porta volutpat, quam pede lobortis ligula, sit amet eleifend pede libero quis orci. Nullam molestie nibh in lectus.\r\n\r\nPellentesque at nulla. Suspendisse potenti. Cras in purus eu magna vulputate luctus.', b'1', NULL),
(191, 'Lemons', 'AUST', 349, 4481, 'Electronics', 'Praesent id massa id nisl venenatis lacinia. Aenean sit amet justo. Morbi ut odio.\r\n\r\nCras mi pede, malesuada in, imperdiet et, commodo vulputate, justo. In blandit ultrices enim. Lorem ipsum dolor sit amet, consectetuer adipiscing elit.\r\n\r\nProin interdum mauris non ligula pellentesque ultrices. Phasellus id sapien in sapien iaculis congue. Vivamus metus arcu, adipiscing molestie, hendrerit at, vulputate vitae, nisl.', b'0', NULL),
(192, 'Gherkin', 'Booster', 1652, 4919, 'Toys', 'Duis aliquam convallis nunc. Proin at turpis a pede posuere nonummy. Integer non velit.', b'0', NULL),
(193, 'Beer - Creemore', 'Hibou', 243, 5320, 'Clothing', 'Phasellus sit amet erat. Nulla tempus. Vivamus in felis eu sapien cursus vestibulum.\r\n\r\nProin eu mi. Nulla ac enim. In tempor, turpis nec euismod scelerisque, quam turpis adipiscing lorem, vitae mattis nibh ligula nec sem.', b'0', NULL),
(194, 'Wood Chips - Regular', 'Hibou', 315, 356, 'Food', 'Praesent blandit. Nam nulla. Integer pede justo, lacinia eget, tincidunt eget, tempus vel, pede.', b'0', NULL),
(195, 'Bread - Roll, Whole Wheat', 'Booster', 1895, 9355, 'Food', 'Vestibulum quam sapien, varius ut, blandit non, interdum in, ante. Vestibulum ante ipsum primis in faucibus orci luctus et ultrices posuere cubilia Curae; Duis faucibus accumsan odio. Curabitur convallis.\r\n\r\nDuis consequat dui nec nisi volutpat eleifend. Donec ut dolor. Morbi vel lectus in quam fringilla rhoncus.', b'0', NULL),
(196, 'Rice Pilaf, Dry,package', 'Hibou', 1884, 8050, 'Groceries', 'Maecenas ut massa quis augue luctus tincidunt. Nulla mollis molestie lorem. Quisque ut erat.\r\n\r\nCurabitur gravida nisi at nibh. In hac habitasse platea dictumst. Aliquam augue quam, sollicitudin vitae, consectetuer eget, rutrum at, lorem.', b'0', NULL),
(197, 'Bonito Flakes - Toku Katsuo', 'Spinneys', 1659, 8067, 'Clothing', 'Morbi non lectus. Aliquam sit amet diam in magna bibendum imperdiet. Nullam orci pede, venenatis non, sodales sed, tincidunt eu, felis.\r\n\r\nFusce posuere felis sed lacus. Morbi sem mauris, laoreet ut, rhoncus aliquet, pulvinar sed, nisl. Nunc rhoncus dui vel sem.\r\n\r\nSed sagittis. Nam congue, risus semper porta volutpat, quam pede lobortis ligula, sit amet eleifend pede libero quis orci. Nullam molestie nibh in lectus.', b'0', NULL),
(198, 'Pail - 4l White, With Handle', 'Spinneys', 536, 1553, 'Food', 'In hac habitasse platea dictumst. Morbi vestibulum, velit id pretium iaculis, diam erat fermentum justo, nec condimentum neque sapien placerat ante. Nulla justo.\r\n\r\nAliquam quis turpis eget elit sodales scelerisque. Mauris sit amet eros. Suspendisse accumsan tortor quis turpis.\r\n\r\nSed ante. Vivamus tortor. Duis mattis egestas metus.', b'0', NULL),
(199, 'Milk - Condensed', 'AUST', 299, 6589, 'Clothing', 'Cum sociis natoque penatibus et magnis dis parturient montes, nascetur ridiculus mus. Vivamus vestibulum sagittis sapien. Cum sociis natoque penatibus et magnis dis parturient montes, nascetur ridiculus mus.', b'0', NULL),
(200, 'Lamb - Sausage Casings', 'Starbucks', 1499, 4427, 'Toys', 'Mauris enim leo, rhoncus sed, vestibulum sit amet, cursus id, turpis. Integer aliquet, massa id lobortis convallis, tortor risus dapibus augue, vel accumsan tellus nisi eu orci. Mauris lacinia sapien quis libero.\r\n\r\nNullam sit amet turpis elementum ligula vehicula consequat. Morbi a ipsum. Integer a nibh.', b'0', NULL),
(201, 'Kiwi', 'Hibou', 16, 4514, 'Food', 'Donec diam neque, vestibulum eget, vulputate ut, ultrices vel, augue. Vestibulum ante ipsum primis in faucibus orci luctus et ultrices posuere cubilia Curae; Donec pharetra, magna vestibulum aliquet ultrices, erat tortor sollicitudin mi, sit amet lobortis sapien sapien non mi. Integer ac neque.', b'0', NULL),
(202, 'Galliano', 'AUST', 1024, 2671, 'Electronics', 'Maecenas tristique, est et tempus semper, est quam pharetra magna, ac consequat metus sapien ut nunc. Vestibulum ante ipsum primis in faucibus orci luctus et ultrices posuere cubilia Curae; Mauris viverra diam vitae quam. Suspendisse potenti.\r\n\r\nNullam porttitor lacus at turpis. Donec posuere metus vitae ipsum. Aliquam non mauris.\r\n\r\nMorbi non lectus. Aliquam sit amet diam in magna bibendum imperdiet. Nullam orci pede, venenatis non, sodales sed, tincidunt eu, felis.', b'0', NULL),
(203, 'Pork - Liver', 'Starbucks', 558, 5484, 'Toys', 'Mauris enim leo, rhoncus sed, vestibulum sit amet, cursus id, turpis. Integer aliquet, massa id lobortis convallis, tortor risus dapibus augue, vel accumsan tellus nisi eu orci. Mauris lacinia sapien quis libero.', b'0', NULL),
(204, 'Anchovy In Oil', 'Booster', 324, 8111, 'Electronics', 'Aliquam quis turpis eget elit sodales scelerisque. Mauris sit amet eros. Suspendisse accumsan tortor quis turpis.\r\n\r\nSed ante. Vivamus tortor. Duis mattis egestas metus.\r\n\r\nAenean fermentum. Donec ut mauris eget massa tempor convallis. Nulla neque libero, convallis eget, eleifend luctus, ultricies eu, nibh.', b'0', NULL),
(205, 'Iced Tea - Lemon, 460 Ml', 'Booster', 1466, 6618, 'Groceries', 'In hac habitasse platea dictumst. Etiam faucibus cursus urna. Ut tellus.\r\n\r\nNulla ut erat id mauris vulputate elementum. Nullam varius. Nulla facilisi.', b'0', NULL),
(206, 'Syrup - Pancake', 'Hibou', 369, 8827, 'Electronics', 'Donec diam neque, vestibulum eget, vulputate ut, ultrices vel, augue. Vestibulum ante ipsum primis in faucibus orci luctus et ultrices posuere cubilia Curae; Donec pharetra, magna vestibulum aliquet ultrices, erat tortor sollicitudin mi, sit amet lobortis sapien sapien non mi. Integer ac neque.', b'0', NULL),
(207, 'Puree - Strawberry', 'Booster', 623, 6747, 'Food', 'Integer ac leo. Pellentesque ultrices mattis odio. Donec vitae nisi.\r\n\r\nNam ultrices, libero non mattis pulvinar, nulla pede ullamcorper augue, a suscipit nulla elit ac nulla. Sed vel enim sit amet nunc viverra dapibus. Nulla suscipit ligula in lacus.', b'0', NULL),
(208, 'Pears - Fiorelle', 'Spinneys', 74, 4606, 'Electronics', 'In hac habitasse platea dictumst. Etiam faucibus cursus urna. Ut tellus.\r\n\r\nNulla ut erat id mauris vulputate elementum. Nullam varius. Nulla facilisi.\r\n\r\nCras non velit nec nisi vulputate nonummy. Maecenas tincidunt lacus at velit. Vivamus vel nulla eget eros elementum pellentesque.', b'0', NULL),
(209, 'Longos - Lasagna Beef', 'Hibou', 1743, 7245, 'Electronics', 'Nullam porttitor lacus at turpis. Donec posuere metus vitae ipsum. Aliquam non mauris.', b'0', NULL),
(210, 'Wine - Cava Aria Estate Brut', 'Booster', 79, 7270, 'Toys', 'Maecenas ut massa quis augue luctus tincidunt. Nulla mollis molestie lorem. Quisque ut erat.', b'0', NULL),
(211, 'Soup - Knorr, Veg / Beef', 'Starbucks', 1419, 3434, 'Electronics', 'Cum sociis natoque penatibus et magnis dis parturient montes, nascetur ridiculus mus. Vivamus vestibulum sagittis sapien. Cum sociis natoque penatibus et magnis dis parturient montes, nascetur ridiculus mus.\r\n\r\nEtiam vel augue. Vestibulum rutrum rutrum neque. Aenean auctor gravida sem.', b'0', NULL),
(212, 'Sobe - Liz Blizz', 'Hibou', 105, 6824, 'Food', 'Aliquam quis turpis eget elit sodales scelerisque. Mauris sit amet eros. Suspendisse accumsan tortor quis turpis.\r\n\r\nSed ante. Vivamus tortor. Duis mattis egestas metus.', b'1', NULL),
(213, 'Bagel - Whole White Sesame', 'AUST', 1781, 4172, 'Groceries', 'Lorem ipsum dolor sit amet, consectetuer adipiscing elit. Proin risus. Praesent lectus.', b'0', NULL),
(214, 'Fiddlehead - Frozen', 'Starbucks', 830, 9790, 'Electronics', 'Integer ac leo. Pellentesque ultrices mattis odio. Donec vitae nisi.\r\n\r\nNam ultrices, libero non mattis pulvinar, nulla pede ullamcorper augue, a suscipit nulla elit ac nulla. Sed vel enim sit amet nunc viverra dapibus. Nulla suscipit ligula in lacus.', b'0', NULL),
(215, 'Beer - Upper Canada Lager', 'Booster', 1687, 6465, 'Electronics', 'Etiam vel augue. Vestibulum rutrum rutrum neque. Aenean auctor gravida sem.\r\n\r\nPraesent id massa id nisl venenatis lacinia. Aenean sit amet justo. Morbi ut odio.\r\n\r\nCras mi pede, malesuada in, imperdiet et, commodo vulputate, justo. In blandit ultrices enim. Lorem ipsum dolor sit amet, consectetuer adipiscing elit.', b'0', NULL),
(216, 'Bar Bran Honey Nut', 'Booster', 679, 6514, 'Food', 'Nullam sit amet turpis elementum ligula vehicula consequat. Morbi a ipsum. Integer a nibh.', b'0', NULL),
(217, 'Schnappes - Peach, Walkers', 'Hibou', 910, 1934, 'Clothing', 'Praesent blandit. Nam nulla. Integer pede justo, lacinia eget, tincidunt eget, tempus vel, pede.\r\n\r\nMorbi porttitor lorem id ligula. Suspendisse ornare consequat lectus. In est risus, auctor sed, tristique in, tempus sit amet, sem.', b'0', NULL),
(218, 'Fenngreek Seed', 'Hibou', 132, 8377, 'Toys', 'In sagittis dui vel nisl. Duis ac nibh. Fusce lacus purus, aliquet at, feugiat non, pretium quis, lectus.\r\n\r\nSuspendisse potenti. In eleifend quam a odio. In hac habitasse platea dictumst.\r\n\r\nMaecenas ut massa quis augue luctus tincidunt. Nulla mollis molestie lorem. Quisque ut erat.', b'0', NULL),
(219, 'Cleaner - Comet', 'Booster', 451, 6952, 'Food', 'Maecenas ut massa quis augue luctus tincidunt. Nulla mollis molestie lorem. Quisque ut erat.', b'0', NULL),
(220, 'Beans - Black Bean, Preserved', 'Booster', 524, 7075, 'Food', 'Praesent blandit. Nam nulla. Integer pede justo, lacinia eget, tincidunt eget, tempus vel, pede.\r\n\r\nMorbi porttitor lorem id ligula. Suspendisse ornare consequat lectus. In est risus, auctor sed, tristique in, tempus sit amet, sem.\r\n\r\nFusce consequat. Nulla nisl. Nunc nisl.', b'0', NULL),
(221, 'Lid Tray - 12in Dome', 'AUST', 1031, 4067, 'Toys', 'Maecenas tristique, est et tempus semper, est quam pharetra magna, ac consequat metus sapien ut nunc. Vestibulum ante ipsum primis in faucibus orci luctus et ultrices posuere cubilia Curae; Mauris viverra diam vitae quam. Suspendisse potenti.\r\n\r\nNullam porttitor lacus at turpis. Donec posuere metus vitae ipsum. Aliquam non mauris.', b'0', NULL),
(222, 'Wine - Rhine Riesling Wolf Blass', 'Booster', 293, 9823, 'Electronics', 'Vestibulum ac est lacinia nisi venenatis tristique. Fusce congue, diam id ornare imperdiet, sapien urna pretium nisl, ut volutpat sapien arcu sed augue. Aliquam erat volutpat.\r\n\r\nIn congue. Etiam justo. Etiam pretium iaculis justo.\r\n\r\nIn hac habitasse platea dictumst. Etiam faucibus cursus urna. Ut tellus.', b'0', NULL),
(223, 'Veal - Loin', 'Spinneys', 584, 8201, 'Clothing', 'Suspendisse potenti. In eleifend quam a odio. In hac habitasse platea dictumst.\r\n\r\nMaecenas ut massa quis augue luctus tincidunt. Nulla mollis molestie lorem. Quisque ut erat.\r\n\r\nCurabitur gravida nisi at nibh. In hac habitasse platea dictumst. Aliquam augue quam, sollicitudin vitae, consectetuer eget, rutrum at, lorem.', b'0', NULL),
(224, 'Wine - Ej Gallo Sierra Valley', 'Spinneys', 1505, 9612, 'Clothing', 'Suspendisse potenti. In eleifend quam a odio. In hac habitasse platea dictumst.\r\n\r\nMaecenas ut massa quis augue luctus tincidunt. Nulla mollis molestie lorem. Quisque ut erat.', b'0', NULL),
(225, 'Seedlings - Clamshell', 'Hibou', 1509, 148, 'Clothing', 'Maecenas tristique, est et tempus semper, est quam pharetra magna, ac consequat metus sapien ut nunc. Vestibulum ante ipsum primis in faucibus orci luctus et ultrices posuere cubilia Curae; Mauris viverra diam vitae quam. Suspendisse potenti.\r\n\r\nNullam porttitor lacus at turpis. Donec posuere metus vitae ipsum. Aliquam non mauris.', b'0', NULL),
(226, 'Syrup - Monin, Amaretta', 'Starbucks', 324, 2260, 'Clothing', 'Aenean lectus. Pellentesque eget nunc. Donec quis orci eget orci vehicula condimentum.\r\n\r\nCurabitur in libero ut massa volutpat convallis. Morbi odio odio, elementum eu, interdum eu, tincidunt in, leo. Maecenas pulvinar lobortis est.\r\n\r\nPhasellus sit amet erat. Nulla tempus. Vivamus in felis eu sapien cursus vestibulum.', b'0', NULL),
(227, 'Cheese - Brie, Triple Creme', 'AUST', 456, 352, 'Groceries', 'Quisque id justo sit amet sapien dignissim vestibulum. Vestibulum ante ipsum primis in faucibus orci luctus et ultrices posuere cubilia Curae; Nulla dapibus dolor vel est. Donec odio justo, sollicitudin ut, suscipit a, feugiat et, eros.\r\n\r\nVestibulum ac est lacinia nisi venenatis tristique. Fusce congue, diam id ornare imperdiet, sapien urna pretium nisl, ut volutpat sapien arcu sed augue. Aliquam erat volutpat.\r\n\r\nIn congue. Etiam justo. Etiam pretium iaculis justo.', b'0', NULL),
(228, 'Fudge - Cream Fudge', 'Hibou', 510, 8479, 'Food', 'Curabitur in libero ut massa volutpat convallis. Morbi odio odio, elementum eu, interdum eu, tincidunt in, leo. Maecenas pulvinar lobortis est.\r\n\r\nPhasellus sit amet erat. Nulla tempus. Vivamus in felis eu sapien cursus vestibulum.', b'0', NULL),
(229, 'Towel Multifold', 'Hibou', 1106, 9810, 'Clothing', 'Duis consequat dui nec nisi volutpat eleifend. Donec ut dolor. Morbi vel lectus in quam fringilla rhoncus.', b'0', NULL),
(230, 'Soup - Campbells Chili Veg', 'AUST', 1311, 6192, 'Clothing', 'Curabitur gravida nisi at nibh. In hac habitasse platea dictumst. Aliquam augue quam, sollicitudin vitae, consectetuer eget, rutrum at, lorem.\r\n\r\nInteger tincidunt ante vel ipsum. Praesent blandit lacinia erat. Vestibulum sed magna at nunc commodo placerat.\r\n\r\nPraesent blandit. Nam nulla. Integer pede justo, lacinia eget, tincidunt eget, tempus vel, pede.', b'0', NULL),
(231, 'Chef Hat 20cm', 'Hibou', 673, 6350, 'Toys', 'Integer ac leo. Pellentesque ultrices mattis odio. Donec vitae nisi.\r\n\r\nNam ultrices, libero non mattis pulvinar, nulla pede ullamcorper augue, a suscipit nulla elit ac nulla. Sed vel enim sit amet nunc viverra dapibus. Nulla suscipit ligula in lacus.\r\n\r\nCurabitur at ipsum ac tellus semper interdum. Mauris ullamcorper purus sit amet nulla. Quisque arcu libero, rutrum ac, lobortis vel, dapibus at, diam.', b'0', NULL),
(232, 'Wine - Chateau Bonnet', 'Starbucks', 342, 9989, 'Clothing', 'Duis bibendum, felis sed interdum venenatis, turpis enim blandit mi, in porttitor pede justo eu massa. Donec dapibus. Duis at velit eu est congue elementum.\r\n\r\nIn hac habitasse platea dictumst. Morbi vestibulum, velit id pretium iaculis, diam erat fermentum justo, nec condimentum neque sapien placerat ante. Nulla justo.', b'0', NULL),
(233, 'French Kiss Vanilla', 'Hibou', 1763, 4038, 'Food', 'Vestibulum quam sapien, varius ut, blandit non, interdum in, ante. Vestibulum ante ipsum primis in faucibus orci luctus et ultrices posuere cubilia Curae; Duis faucibus accumsan odio. Curabitur convallis.', b'0', NULL);

-- --------------------------------------------------------

--
-- Table structure for table `purchase_t`
--

DROP TABLE IF EXISTS `purchase_t`;
CREATE TABLE IF NOT EXISTS `purchase_t` (
  `purchase_id` int(11) NOT NULL AUTO_INCREMENT,
  `cust_username` varchar(200) NOT NULL,
  `product_id` int(11) NOT NULL,
  `vendor_username` varchar(200) NOT NULL,
  `purchase_date` varchar(200) NOT NULL,
  `purchase_finalized` bit(1) NOT NULL DEFAULT b'0',
  PRIMARY KEY (`purchase_id`),
  KEY `fk_user_t_customer` (`cust_username`),
  KEY `fk_user_t_vendor` (`vendor_username`)
) ENGINE=InnoDB AUTO_INCREMENT=2 DEFAULT CHARSET=utf8;

--
-- Dumping data for table `purchase_t`
--

INSERT INTO `purchase_t` (`purchase_id`, `cust_username`, `product_id`, `vendor_username`, `purchase_date`, `purchase_finalized`) VALUES
(1, 'rbtkay', 140, 'Hibou', '2019-4-12 2:57:14', b'0');

-- --------------------------------------------------------

--
-- Table structure for table `user_t`
--

DROP TABLE IF EXISTS `user_t`;
CREATE TABLE IF NOT EXISTS `user_t` (
  `user_username` varchar(200) NOT NULL,
  `user_name` varchar(200) NOT NULL,
  `user_email` varchar(200) NOT NULL,
  `user_password` varchar(200) NOT NULL,
  `user_ethAddress` varchar(200) DEFAULT NULL,
  `user_verified` bit(1) NOT NULL DEFAULT b'0',
  `user_isVendor` bit(1) NOT NULL DEFAULT b'0',
  PRIMARY KEY (`user_username`)
) ENGINE=InnoDB DEFAULT CHARSET=utf8;

--
-- Dumping data for table `user_t`
--

INSERT INTO `user_t` (`user_username`, `user_name`, `user_email`, `user_password`, `user_ethAddress`, `user_verified`, `user_isVendor`) VALUES
('AUST', 'American University of American University', 'auts@gmail.com', 'a665a45920422f9d417e4867efdc4fb8a04a1f3fff1fa07e998e86f7f7a27ae3', '0xea921F03887d1ADDd0f4e19056A70ABC5BfFC900', b'0', b'1'),
('Booster', 'Booster Fuels', 'Booster@gmail.com', 'a665a45920422f9d417e4867efdc4fb8a04a1f3fff1fa07e998e86f7f7a27ae3', '0xea921F03887d1ADDd0f4e19056A70ABC5BfFC900', b'1', b'1'),
('Hibou', '', 'kevin.boghossian@gmail.com', 'a665a45920422f9d417e4867efdc4fb8a04a1f3fff1fa07e998e86f7f7a27ae3', '0xea921F03887d1ADDd0f4e19056A70ABC5BfFC900', b'1', b'1'),
('kvnbog', 'Kevin Boghossian', 'kevin.boghossian@gmail.com', 'a665a45920422f9d417e4867efdc4fb8a04a1f3fff1fa07e998e86f7f7a27ae3', '0x4fC91B1d7901E2981dC7E624867dc85815EFF7b3', b'0', b'0'),
('rbtkay', '', 'robert.g.khayat@gmail.com', 'a665a45920422f9d417e4867efdc4fb8a04a1f3fff1fa07e998e86f7f7a27ae3', '0x3b06F9c9968A2f4CAAA87012D923748d3324BEd8', b'1', b'0'),
('rolin', 'Kevin Boghossian', 'caroline@gmail.com', 'a665a45920422f9d417e4867efdc4fb8a04a1f3fff1fa07e998e86f7f7a27ae3', '0x4fC91B1d7901E2981dC7E624867dc85815EFF7b3', b'0', b'0'),
('Spinneys', 'Spinneys', 'Spinneys@gmail.com', 'a665a45920422f9d417e4867efdc4fb8a04a1f3fff1fa07e998e86f7f7a27ae3', '0xea921F03887d1ADDd0f4e19056A70ABC5BfFC900', b'0', b'1'),
('Starbucks', 'Starbucks', 'starbucks@gmail.com', 'a665a45920422f9d417e4867efdc4fb8a04a1f3fff1fa07e998e86f7f7a27ae3', '0xea921F03887d1ADDd0f4e19056A70ABC5BfFC900', b'0', b'1');

-- --------------------------------------------------------

--
-- Table structure for table `vendor_t`
--

DROP TABLE IF EXISTS `vendor_t`;
CREATE TABLE IF NOT EXISTS `vendor_t` (
  `user_username` varchar(200) NOT NULL,
  `vendor_location` varchar(200) NOT NULL,
  `vendor_tag` varchar(200) DEFAULT NULL,
  PRIMARY KEY (`user_username`)
) ENGINE=InnoDB DEFAULT CHARSET=utf8;

--
-- Dumping data for table `vendor_t`
--

INSERT INTO `vendor_t` (`user_username`, `vendor_location`, `vendor_tag`) VALUES
('AUST', 'Achrafieh', NULL),
('Booster', 'San Francisco', NULL),
('Hibou', 'achrafieh', NULL),
('Spinneys', 'Achrafieh', NULL),
('Starbucks', 'Achrafieh', NULL);

--
-- Constraints for dumped tables
--

--
-- Constraints for table `customer_t`
--
ALTER TABLE `customer_t`
  ADD CONSTRAINT `fk_user_t_customer_t` FOREIGN KEY (`user_username`) REFERENCES `user_t` (`user_username`);

--
-- Constraints for table `product_t`
--
ALTER TABLE `product_t`
  ADD CONSTRAINT `fk_user_t_product_t` FOREIGN KEY (`user_username`) REFERENCES `user_t` (`user_username`) ON DELETE NO ACTION ON UPDATE NO ACTION;

--
-- Constraints for table `purchase_t`
--
ALTER TABLE `purchase_t`
  ADD CONSTRAINT `fk_user_t_customer` FOREIGN KEY (`cust_username`) REFERENCES `user_t` (`user_username`) ON DELETE NO ACTION ON UPDATE NO ACTION,
  ADD CONSTRAINT `fk_user_t_vendor` FOREIGN KEY (`vendor_username`) REFERENCES `user_t` (`user_username`) ON DELETE NO ACTION ON UPDATE NO ACTION;

--
-- Constraints for table `vendor_t`
--
ALTER TABLE `vendor_t`
  ADD CONSTRAINT `fk_user_t_vendor_t` FOREIGN KEY (`user_username`) REFERENCES `user_t` (`user_username`) ON DELETE NO ACTION ON UPDATE NO ACTION;
COMMIT;

/*!40101 SET CHARACTER_SET_CLIENT=@OLD_CHARACTER_SET_CLIENT */;
/*!40101 SET CHARACTER_SET_RESULTS=@OLD_CHARACTER_SET_RESULTS */;
/*!40101 SET COLLATION_CONNECTION=@OLD_COLLATION_CONNECTION */;
